Ticket_Id,Customer_Id,Ticket_Date,Priority,Category,Resolution_Time,Status
TCK_900001,CUST_2006,2025-02-17,High,Login Issue,12,Closed
TCK_900002,CUST_2006,2025-07-17,Low,Api Down,41,Resolved
TCK_900003,CUST_2007,2025-08-23,Low,Login Issue,21,Closed
TCK_900004,CUST_2008,2025-11-10,Medium,Login Issue,43,Resolved
TCK_900005,CUST_2008,2025-07-22,Medium,Feature Request,1,Resolved
TCK_900006,CUST_2008,2025-04-14,Critical,Api Down,48,Resolved
TCK_900007,CUST_2011,2025-11-18,Low,Billing Bug,40,Resolved
TCK_900008,CUST_2011,2025-04-02,High,Login Issue,49,Resolved
TCK_900009,CUST_2019,2025-06-06,Critical,Billing Bug,28,Open
TCK_900010,CUST_2037,2025-08-16,Medium,Feature Request,4,Open
TCK_900011,CUST_2041,2025-06-02,Low,Feature Request,67,Closed
TCK_900012,CUST_2041,2025-11-12,High,Api Down,27,Closed
TCK_900013,CUST_2041,2025-02-24,High,Feature Request,55,Closed
TCK_900014,CUST_2043,2025-05-13,Low,Api Down,71,Closed
TCK_900015,CUST_2043,2025-06-07,Low,Api Down,39,Closed
TCK_900016,CUST_2044,2025-05-06,Medium,Feature Request,44,Closed
TCK_900017,CUST_2044,2025-08-04,High,Api Down,62,Resolved
TCK_900018,CUST_2044,2025-03-26,High,Login Issue,59,Resolved
TCK_900019,CUST_2045,2025-08-03,Critical,Api Down,4,Closed
TCK_900020,CUST_2046,2025-11-01,Low,Login Issue,47,Open
TCK_900021,CUST_2046,2025-10-08,Low,Login Issue,64,Open
TCK_900022,CUST_2046,2025-05-31,High,Login Issue,60,Resolved
TCK_900023,CUST_2049,2025-12-04,Low,Api Down,51,Closed
TCK_900024,CUST_2049,2025-09-17,Low,Feature Request,39,Closed
TCK_900025,CUST_2049,2025-04-27,Medium,Login Issue,62,Resolved
TCK_900026,CUST_2055,2025-03-30,High,Feature Request,47,Open
TCK_900027,CUST_2055,2025-04-08,Low,Login Issue,66,Resolved
TCK_900028,CUST_2055,2025-02-17,Critical,Login Issue,29,Open
TCK_900029,CUST_2057,2025-04-28,Low,Api Down,61,Open
TCK_900030,CUST_2057,2025-12-09,Critical,Api Down,2,Open
TCK_900031,CUST_2079,2025-10-11,Low,Billing Bug,31,Closed
TCK_900032,CUST_2084,2025-06-02,High,Api Down,37,Resolved
TCK_900033,CUST_2084,2025-11-16,Low,Login Issue,71,Closed
TCK_900034,CUST_2086,2025-10-27,Critical,Login Issue,32,Closed
TCK_900035,CUST_2089,2025-04-24,High,Login Issue,68,Resolved
TCK_900036,CUST_2102,2025-09-25,Medium,Billing Bug,28,Closed
TCK_900037,CUST_2104,2025-05-22,High,Api Down,1,Open
TCK_900038,CUST_2104,2025-09-17,Low,Login Issue,6,Resolved
TCK_900039,CUST_2108,2025-09-14,Critical,Api Down,65,Open
TCK_900040,CUST_2108,2025-10-13,Low,Login Issue,24,Open
TCK_900041,CUST_2109,2025-05-13,Low,Login Issue,30,Open
TCK_900042,CUST_2110,2025-03-13,High,Api Down,58,Resolved
TCK_900043,CUST_2119,2025-03-30,Critical,Feature Request,50,Closed
TCK_900044,CUST_2123,2025-04-23,Critical,Login Issue,43,Closed
TCK_900045,CUST_2123,2025-07-13,Low,Api Down,29,Open
TCK_900046,CUST_2136,2025-05-19,Critical,Feature Request,13,Closed
TCK_900047,CUST_2136,2025-02-23,Low,Api Down,15,Closed
TCK_900048,CUST_2136,2025-08-14,Critical,Api Down,59,Open
TCK_900049,CUST_2142,2025-11-25,Critical,Billing Bug,60,Open
TCK_900050,CUST_2142,2025-02-03,Medium,Feature Request,69,Open
TCK_900051,CUST_2142,2025-07-16,High,Login Issue,59,Open
TCK_900052,CUST_2144,2025-05-13,Medium,Api Down,15,Closed
TCK_900053,CUST_2151,2025-09-25,High,Login Issue,40,Open
TCK_900054,CUST_2151,2025-10-12,Low,Login Issue,22,Open
TCK_900055,CUST_2155,2025-04-23,Medium,Api Down,33,Open
TCK_900056,CUST_2155,2025-02-23,Critical,Feature Request,34,Closed
TCK_900057,CUST_2162,2025-09-30,Low,Api Down,55,Open
TCK_900058,CUST_2162,2025-02-03,Low,Billing Bug,28,Resolved
TCK_900059,CUST_2165,2025-10-24,Medium,Feature Request,6,Open
TCK_900060,CUST_2167,2025-09-09,Medium,Billing Bug,36,Closed
TCK_900061,CUST_2167,2025-02-21,Medium,Billing Bug,28,Closed
TCK_900062,CUST_2169,2025-09-24,Medium,Billing Bug,46,Resolved
TCK_900063,CUST_2169,2025-03-21,Medium,Feature Request,49,Resolved
TCK_900064,CUST_2169,2025-08-19,High,Feature Request,1,Open
TCK_900065,CUST_2176,2025-12-10,Medium,Billing Bug,1,Open
TCK_900066,CUST_2176,2025-02-26,Medium,Feature Request,64,Resolved
TCK_900067,CUST_2176,2025-05-24,Critical,Api Down,72,Closed
TCK_900068,CUST_2181,2025-04-06,Critical,Login Issue,26,Resolved
TCK_900069,CUST_2181,2025-08-22,Low,Login Issue,7,Open
TCK_900070,CUST_2181,2025-11-27,Critical,Billing Bug,31,Closed
TCK_900071,CUST_2191,2025-06-02,High,Billing Bug,61,Resolved
TCK_900072,CUST_2191,2025-03-12,Medium,Api Down,35,Open
TCK_900073,CUST_2193,2025-10-03,Critical,Api Down,9,Closed
TCK_900074,CUST_2194,2025-10-07,Medium,Api Down,45,Closed
TCK_900075,CUST_2195,2025-05-07,Low,Login Issue,69,Open
TCK_900076,CUST_2195,2025-06-29,Medium,Billing Bug,31,Resolved
TCK_900077,CUST_2195,2025-10-28,Critical,Billing Bug,44,Resolved
TCK_900078,CUST_2196,2025-09-06,Low,Api Down,23,Resolved
TCK_900079,CUST_2196,2025-03-24,Medium,Feature Request,7,Resolved
TCK_900080,CUST_2196,2025-09-04,Medium,Billing Bug,60,Resolved
TCK_900081,CUST_2197,2025-07-19,Critical,Api Down,10,Open
TCK_900082,CUST_2208,2025-04-23,Critical,Login Issue,17,Resolved
TCK_900083,CUST_2208,2025-11-19,Low,Api Down,62,Resolved
TCK_900084,CUST_2208,2025-05-02,Medium,Login Issue,59,Closed
TCK_900085,CUST_2211,2025-02-24,Low,Billing Bug,24,Resolved
TCK_900086,CUST_2211,2025-04-08,Critical,Billing Bug,21,Closed
TCK_900087,CUST_2218,2025-09-14,Medium,Billing Bug,29,Resolved
TCK_900088,CUST_2218,2025-07-02,High,Api Down,38,Closed
TCK_900089,CUST_2221,2025-06-24,Low,Feature Request,71,Open
TCK_900090,CUST_2221,2025-03-03,High,Billing Bug,21,Open
TCK_900091,CUST_2221,2025-08-10,Critical,Api Down,59,Resolved
TCK_900092,CUST_2222,2025-06-24,Critical,Api Down,42,Closed
TCK_900093,CUST_2228,2025-03-22,Critical,Feature Request,20,Open
TCK_900094,CUST_2231,2025-12-12,Medium,Login Issue,52,Closed
TCK_900095,CUST_2232,2025-08-22,Medium,Feature Request,18,Resolved
TCK_900096,CUST_2233,2025-11-28,Low,Api Down,40,Resolved
TCK_900097,CUST_2234,2025-03-12,Low,Login Issue,50,Open
TCK_900098,CUST_2235,2025-03-17,Critical,Feature Request,65,Closed
TCK_900099,CUST_2235,2025-11-08,High,Billing Bug,24,Resolved
TCK_900100,CUST_2238,2025-11-06,Critical,Login Issue,31,Open
TCK_900101,CUST_2238,2025-03-20,High,Api Down,20,Open
TCK_900102,CUST_2238,2025-09-16,High,Feature Request,66,Resolved
TCK_900103,CUST_2239,2025-04-15,Low,Login Issue,72,Closed
TCK_900104,CUST_2239,2025-04-15,High,Api Down,66,Resolved
TCK_900105,CUST_2240,2025-11-21,Medium,Billing Bug,15,Open
TCK_900106,CUST_2242,2025-05-30,Low,Login Issue,47,Resolved
TCK_900107,CUST_2242,2025-04-01,Medium,Api Down,26,Closed
TCK_900108,CUST_2243,2025-11-11,Low,Login Issue,47,Resolved
TCK_900109,CUST_2243,2025-04-27,Low,Billing Bug,49,Closed
TCK_900110,CUST_2246,2025-06-13,Medium,Feature Request,29,Resolved
TCK_900111,CUST_2249,2025-07-29,Critical,Billing Bug,44,Closed
TCK_900112,CUST_2252,2025-10-20,High,Feature Request,34,Open
TCK_900113,CUST_2254,2025-07-08,Critical,Feature Request,5,Open
TCK_900114,CUST_2254,2025-09-21,Medium,Billing Bug,32,Resolved
TCK_900115,CUST_2254,2025-04-29,Low,Api Down,16,Open
TCK_900116,CUST_2258,2025-12-02,High,Billing Bug,28,Closed
TCK_900117,CUST_2258,2025-04-14,Critical,Api Down,14,Closed
TCK_900118,CUST_2258,2025-08-31,Critical,Billing Bug,56,Closed
TCK_900119,CUST_2262,2025-04-17,High,Login Issue,3,Resolved
TCK_900120,CUST_2263,2025-09-24,Critical,Login Issue,48,Resolved
TCK_900121,CUST_2263,2025-02-08,Low,Feature Request,44,Closed
TCK_900122,CUST_2264,2025-08-20,Medium,Billing Bug,29,Open
TCK_900123,CUST_2264,2025-06-09,Critical,Feature Request,57,Closed
TCK_900124,CUST_2264,2025-08-06,Critical,Feature Request,51,Closed
TCK_900125,CUST_2265,2025-11-14,Low,Api Down,15,Resolved
TCK_900126,CUST_2265,2025-05-25,High,Billing Bug,70,Closed
TCK_900127,CUST_2265,2025-02-21,Critical,Feature Request,46,Resolved
TCK_900128,CUST_2274,2025-06-26,High,Feature Request,69,Open
TCK_900129,CUST_2274,2025-10-25,High,Login Issue,29,Open
TCK_900130,CUST_2275,2025-12-06,High,Api Down,49,Resolved
TCK_900131,CUST_2275,2025-06-17,Medium,Login Issue,24,Open
TCK_900132,CUST_2278,2025-10-23,High,Api Down,18,Closed
TCK_900133,CUST_2278,2025-09-17,Medium,Login Issue,20,Resolved
TCK_900134,CUST_2281,2025-08-27,High,Api Down,28,Open
TCK_900135,CUST_2281,2025-04-15,Critical,Login Issue,44,Resolved
TCK_900136,CUST_2281,2025-08-04,Low,Feature Request,62,Resolved
TCK_900137,CUST_2286,2025-08-24,Low,Login Issue,18,Open
TCK_900138,CUST_2286,2025-03-11,High,Billing Bug,40,Resolved
TCK_900139,CUST_2286,2025-02-20,Critical,Billing Bug,21,Closed
TCK_900140,CUST_2287,2025-11-08,Low,Billing Bug,59,Resolved
TCK_900141,CUST_2287,2025-07-03,Low,Login Issue,28,Open
TCK_900142,CUST_2291,2025-12-09,Low,Api Down,9,Closed
TCK_900143,CUST_2293,2025-05-29,Low,Login Issue,24,Closed
TCK_900144,CUST_2293,2025-11-25,Low,Feature Request,31,Closed
TCK_900145,CUST_2294,2025-02-27,High,Login Issue,42,Resolved
TCK_900146,CUST_2294,2025-10-02,Critical,Login Issue,64,Resolved
TCK_900147,CUST_2294,2025-07-12,Low,Feature Request,38,Open
TCK_900148,CUST_2300,2025-07-09,Medium,Api Down,32,Resolved
TCK_900149,CUST_2301,2025-10-21,Low,Feature Request,4,Open
TCK_900150,CUST_2302,2025-05-22,Medium,Api Down,26,Closed
TCK_900151,CUST_2302,2025-07-14,High,Api Down,72,Closed
TCK_900152,CUST_2305,2025-03-06,Low,Login Issue,30,Resolved
TCK_900153,CUST_2313,2025-04-30,High,Billing Bug,38,Closed
TCK_900154,CUST_2313,2025-12-17,Low,Billing Bug,53,Closed
TCK_900155,CUST_2313,2025-10-06,High,Billing Bug,46,Open
TCK_900156,CUST_2322,2025-07-19,Critical,Api Down,20,Closed
TCK_900157,CUST_2322,2025-06-20,Critical,Api Down,45,Resolved
TCK_900158,CUST_2322,2025-10-21,High,Login Issue,20,Closed
TCK_900159,CUST_2326,2025-03-31,Critical,Feature Request,20,Resolved
TCK_900160,CUST_2329,2025-10-21,Medium,Billing Bug,14,Open
TCK_900161,CUST_2329,2025-02-14,High,Api Down,1,Open
TCK_900162,CUST_2330,2025-05-26,Low,Billing Bug,31,Open
TCK_900163,CUST_2330,2025-07-05,Critical,Api Down,33,Open
TCK_900164,CUST_2333,2025-09-15,High,Api Down,3,Open
TCK_900165,CUST_2333,2025-07-30,Critical,Login Issue,70,Open
TCK_900166,CUST_2333,2025-08-22,Medium,Login Issue,56,Closed
TCK_900167,CUST_2339,2025-12-01,Medium,Billing Bug,57,Resolved
TCK_900168,CUST_2339,2025-09-20,Critical,Feature Request,47,Open
TCK_900169,CUST_2339,2025-12-17,High,Api Down,48,Resolved
TCK_900170,CUST_2342,2025-07-15,Low,Billing Bug,27,Closed
TCK_900171,CUST_2342,2025-07-05,Low,Login Issue,48,Open
TCK_900172,CUST_2342,2025-04-05,Medium,Billing Bug,56,Resolved
TCK_900173,CUST_2348,2025-05-02,Critical,Api Down,1,Open
TCK_900174,CUST_2348,2025-06-23,Low,Api Down,32,Resolved
TCK_900175,CUST_2350,2025-05-31,Medium,Feature Request,22,Closed
TCK_900176,CUST_2350,2025-07-02,Medium,Login Issue,42,Closed
TCK_900177,CUST_2350,2025-08-08,High,Api Down,8,Open
TCK_900178,CUST_2354,2025-04-07,Critical,Billing Bug,21,Closed
TCK_900179,CUST_2355,2025-02-23,High,Login Issue,16,Closed
TCK_900180,CUST_2355,2025-11-09,Medium,Billing Bug,39,Resolved
TCK_900181,CUST_2360,2025-11-07,Critical,Billing Bug,58,Open
TCK_900182,CUST_2360,2025-04-02,Critical,Feature Request,41,Resolved
TCK_900183,CUST_2360,2025-07-11,Critical,Feature Request,41,Closed
TCK_900184,CUST_2361,2025-08-02,Medium,Feature Request,42,Closed
TCK_900185,CUST_2361,2025-10-19,Low,Login Issue,57,Resolved
TCK_900186,CUST_2366,2025-03-01,Medium,Api Down,11,Closed
TCK_900187,CUST_2366,2025-03-03,Critical,Billing Bug,27,Closed
TCK_900188,CUST_2369,2025-11-23,Medium,Login Issue,9,Open
TCK_900189,CUST_2371,2025-12-16,High,Api Down,48,Resolved
TCK_900190,CUST_2371,2025-06-17,High,Login Issue,12,Resolved
TCK_900191,CUST_2371,2025-09-04,Critical,Api Down,5,Closed
TCK_900192,CUST_2372,2025-11-01,High,Api Down,2,Resolved
TCK_900193,CUST_2372,2025-11-05,Medium,Login Issue,14,Closed
TCK_900194,CUST_2372,2025-09-07,Low,Api Down,61,Open
TCK_900195,CUST_2373,2025-05-09,High,Feature Request,69,Open
TCK_900196,CUST_2373,2025-04-16,Medium,Api Down,50,Open
TCK_900197,CUST_2377,2025-04-25,High,Api Down,44,Closed
TCK_900198,CUST_2377,2025-05-23,Critical,Billing Bug,55,Resolved
TCK_900199,CUST_2380,2025-04-07,High,Login Issue,41,Open
TCK_900200,CUST_2380,2025-04-07,High,Login Issue,17,Closed
TCK_900201,CUST_2380,2025-03-04,Medium,Billing Bug,26,Resolved
TCK_900202,CUST_2381,2025-02-12,Critical,Billing Bug,20,Resolved
TCK_900203,CUST_2381,2025-12-04,Low,Api Down,38,Closed
TCK_900204,CUST_2381,2025-08-13,Medium,Billing Bug,64,Closed
TCK_900205,CUST_2382,2025-07-29,Low,Billing Bug,4,Resolved
TCK_900206,CUST_2392,2025-04-29,Medium,Login Issue,50,Resolved
TCK_900207,CUST_2407,2025-05-25,Low,Billing Bug,55,Closed
TCK_900208,CUST_2407,2025-03-16,High,Login Issue,58,Closed
TCK_900209,CUST_2407,2025-07-15,Medium,Billing Bug,60,Resolved
TCK_900210,CUST_2410,2025-09-07,Critical,Billing Bug,53,Resolved
TCK_900211,CUST_2410,2025-04-04,Critical,Billing Bug,64,Resolved
TCK_900212,CUST_2410,2025-05-13,Low,Billing Bug,51,Open
TCK_900213,CUST_2416,2025-02-18,Low,Login Issue,61,Resolved
TCK_900214,CUST_2423,2025-12-01,High,Api Down,55,Resolved
TCK_900215,CUST_2423,2025-10-21,High,Login Issue,68,Open
TCK_900216,CUST_2423,2025-10-04,Critical,Billing Bug,12,Open
TCK_900217,CUST_2424,2025-05-17,Medium,Api Down,37,Open
TCK_900218,CUST_2424,2025-08-19,Critical,Login Issue,44,Open
TCK_900219,CUST_2424,2025-08-27,High,Feature Request,47,Closed
TCK_900220,CUST_2431,2025-02-10,High,Billing Bug,33,Resolved
TCK_900221,CUST_2432,2025-09-07,High,Billing Bug,14,Open
TCK_900222,CUST_2432,2025-10-27,Critical,Login Issue,31,Open
TCK_900223,CUST_2443,2025-05-21,Critical,Feature Request,39,Open
TCK_900224,CUST_2445,2025-05-12,Low,Login Issue,46,Resolved
TCK_900225,CUST_2445,2025-09-16,Critical,Login Issue,60,Closed
TCK_900226,CUST_2450,2025-09-12,Medium,Feature Request,37,Resolved
TCK_900227,CUST_2450,2025-09-27,Medium,Api Down,41,Resolved
TCK_900228,CUST_2458,2025-02-27,Low,Api Down,64,Open
TCK_900229,CUST_2458,2025-10-15,Medium,Feature Request,40,Resolved
TCK_900230,CUST_2458,2025-06-09,Medium,Feature Request,59,Closed
TCK_900231,CUST_2462,2025-02-25,Medium,Api Down,32,Open
TCK_900232,CUST_2462,2025-05-18,High,Billing Bug,2,Resolved
TCK_900233,CUST_2462,2025-02-10,Low,Billing Bug,1,Closed
TCK_900234,CUST_2467,2025-05-23,Critical,Api Down,3,Resolved
TCK_900235,CUST_2467,2025-12-14,Medium,Feature Request,14,Open
TCK_900236,CUST_2467,2025-04-30,Critical,Api Down,60,Open
TCK_900237,CUST_2469,2025-08-23,High,Feature Request,51,Closed
TCK_900238,CUST_2471,2025-03-15,Critical,Billing Bug,43,Closed
TCK_900239,CUST_2471,2025-06-16,High,Api Down,6,Open
TCK_900240,CUST_2473,2025-06-29,Medium,Billing Bug,12,Resolved
TCK_900241,CUST_2475,2025-08-16,Medium,Login Issue,20,Resolved
TCK_900242,CUST_2475,2025-09-22,Medium,Billing Bug,7,Resolved
TCK_900243,CUST_2481,2025-07-30,Medium,Feature Request,68,Closed
TCK_900244,CUST_2481,2025-03-18,High,Billing Bug,45,Resolved
TCK_900245,CUST_2481,2025-05-31,Critical,Feature Request,56,Open
TCK_900246,CUST_2484,2025-12-14,Medium,Login Issue,59,Resolved
TCK_900247,CUST_2484,2025-02-04,Medium,Billing Bug,53,Resolved
TCK_900248,CUST_2484,2025-04-11,Critical,Login Issue,24,Resolved
TCK_900249,CUST_2486,2025-02-10,Medium,Login Issue,21,Open
TCK_900250,CUST_2486,2025-09-03,Low,Login Issue,53,Open
TCK_900251,CUST_2486,2025-11-24,High,Login Issue,3,Open
TCK_900252,CUST_2488,2025-04-17,Low,Api Down,6,Open
TCK_900253,CUST_2488,2025-06-26,Critical,Feature Request,45,Closed
TCK_900254,CUST_2490,2025-06-15,High,Login Issue,51,Resolved
TCK_900255,CUST_2490,2025-03-30,Low,Billing Bug,41,Open
TCK_900256,CUST_2492,2025-08-26,Low,Login Issue,39,Open
TCK_900257,CUST_2493,2025-11-16,Low,Login Issue,63,Open
TCK_900258,CUST_2496,2025-02-23,Critical,Feature Request,18,Open
TCK_900259,CUST_2496,2025-11-29,Low,Feature Request,39,Open
TCK_900260,CUST_2496,2025-09-17,Critical,Api Down,49,Closed
TCK_900261,CUST_2501,2025-08-28,Medium,Feature Request,6,Resolved
TCK_900262,CUST_2501,2025-06-08,Low,Feature Request,21,Open
TCK_900263,CUST_2501,2025-05-03,Low,Feature Request,27,Closed
TCK_900264,CUST_2511,2025-08-08,Medium,Feature Request,38,Closed
TCK_900265,CUST_2514,2025-07-31,Critical,Login Issue,37,Closed
TCK_900266,CUST_2514,2025-11-18,Medium,Feature Request,15,Resolved
TCK_900267,CUST_2518,2025-08-16,Critical,Feature Request,22,Resolved
TCK_900268,CUST_2518,2025-08-09,Low,Login Issue,9,Resolved
TCK_900269,CUST_2518,2025-11-04,Critical,Billing Bug,1,Open
TCK_900270,CUST_2520,2025-05-14,Critical,Login Issue,28,Resolved
TCK_900271,CUST_2522,2025-05-07,High,Api Down,21,Open
TCK_900272,CUST_2522,2025-10-23,Medium,Feature Request,49,Resolved
TCK_900273,CUST_2522,2025-09-03,Low,Login Issue,3,Resolved
TCK_900274,CUST_2524,2025-09-05,High,Billing Bug,69,Closed
TCK_900275,CUST_2524,2025-12-01,Critical,Feature Request,59,Open
TCK_900276,CUST_2524,2025-04-24,High,Feature Request,1,Resolved
TCK_900277,CUST_2527,2025-06-12,High,Billing Bug,20,Resolved
TCK_900278,CUST_2527,2025-04-17,Critical,Login Issue,58,Open
TCK_900279,CUST_2527,2025-07-21,Low,Login Issue,16,Resolved
TCK_900280,CUST_2528,2025-05-19,Low,Feature Request,47,Open
TCK_900281,CUST_2532,2025-09-10,High,Billing Bug,12,Closed
TCK_900282,CUST_2532,2025-09-26,Low,Feature Request,61,Closed
TCK_900283,CUST_2532,2025-07-21,Critical,Feature Request,34,Open
TCK_900284,CUST_2533,2025-12-12,Critical,Billing Bug,53,Closed
TCK_900285,CUST_2533,2025-10-23,Medium,Billing Bug,38,Open
TCK_900286,CUST_2533,2025-08-06,Medium,Feature Request,9,Open
TCK_900287,CUST_2537,2025-10-20,Low,Feature Request,45,Resolved
TCK_900288,CUST_2537,2025-06-22,High,Api Down,27,Closed
TCK_900289,CUST_2540,2025-09-06,Low,Billing Bug,69,Closed
TCK_900290,CUST_2550,2025-11-21,Low,Api Down,46,Resolved
TCK_900291,CUST_2550,2025-10-31,High,Billing Bug,61,Resolved
TCK_900292,CUST_2550,2025-09-16,Low,Login Issue,42,Open
TCK_900293,CUST_2551,2025-11-09,Medium,Billing Bug,16,Open
TCK_900294,CUST_2551,2025-07-22,Medium,Api Down,36,Closed
TCK_900295,CUST_2552,2025-12-15,High,Login Issue,47,Resolved
TCK_900296,CUST_2553,2025-07-27,Medium,Login Issue,55,Closed
TCK_900297,CUST_2556,2025-02-12,Low,Billing Bug,35,Closed
TCK_900298,CUST_2559,2025-02-28,Low,Billing Bug,46,Closed
TCK_900299,CUST_2560,2025-04-06,High,Feature Request,14,Closed
TCK_900300,CUST_2565,2025-09-27,Low,Api Down,18,Resolved
TCK_900301,CUST_2565,2025-04-11,High,Feature Request,2,Resolved
TCK_900302,CUST_2565,2025-08-28,Low,Api Down,13,Resolved
TCK_900303,CUST_2566,2025-09-13,Medium,Feature Request,4,Open
TCK_900304,CUST_2572,2025-03-22,Medium,Login Issue,70,Closed
TCK_900305,CUST_2576,2025-10-17,Low,Login Issue,22,Open
TCK_900306,CUST_2576,2025-02-15,Medium,Feature Request,46,Resolved
TCK_900307,CUST_2576,2025-08-22,Medium,Billing Bug,57,Resolved
TCK_900308,CUST_2578,2025-02-28,Critical,Login Issue,65,Resolved
TCK_900309,CUST_2580,2025-05-13,High,Api Down,19,Closed
TCK_900310,CUST_2580,2025-10-02,Low,Feature Request,8,Closed
TCK_900311,CUST_2586,2025-02-25,High,Billing Bug,66,Open
TCK_900312,CUST_2586,2025-08-28,High,Billing Bug,50,Open
TCK_900313,CUST_2586,2025-05-06,Critical,Billing Bug,68,Resolved
TCK_900314,CUST_2587,2025-12-13,Critical,Api Down,27,Resolved
TCK_900315,CUST_2587,2025-08-08,High,Feature Request,40,Open
TCK_900316,CUST_2598,2025-11-09,High,Feature Request,5,Resolved
TCK_900317,CUST_2598,2025-04-12,Low,Api Down,15,Resolved
TCK_900318,CUST_2598,2025-09-11,Medium,Feature Request,45,Resolved
TCK_900319,CUST_2599,2025-09-01,Low,Feature Request,36,Resolved
TCK_900320,CUST_2600,2025-07-07,Low,Api Down,59,Closed
TCK_900321,CUST_2600,2025-10-29,High,Login Issue,4,Resolved
TCK_900322,CUST_2601,2025-04-15,High,Api Down,56,Resolved
TCK_900323,CUST_2601,2025-10-28,Critical,Billing Bug,38,Closed
TCK_900324,CUST_2601,2025-04-20,Medium,Billing Bug,44,Closed
TCK_900325,CUST_2605,2025-10-11,Low,Billing Bug,17,Resolved
TCK_900326,CUST_2609,2025-09-07,High,Login Issue,5,Closed
TCK_900327,CUST_2611,2025-11-12,High,Login Issue,34,Resolved
TCK_900328,CUST_2612,2025-04-17,Low,Feature Request,21,Closed
TCK_900329,CUST_2616,2025-03-29,Critical,Login Issue,24,Closed
TCK_900330,CUST_2616,2025-02-23,High,Login Issue,65,Open
TCK_900331,CUST_2623,2025-03-27,Critical,Billing Bug,43,Resolved
TCK_900332,CUST_2626,2025-08-18,Critical,Feature Request,70,Closed
TCK_900333,CUST_2626,2025-02-11,Critical,Login Issue,23,Open
TCK_900334,CUST_2629,2025-11-27,Critical,Billing Bug,27,Closed
TCK_900335,CUST_2629,2025-10-28,Low,Billing Bug,37,Resolved
TCK_900336,CUST_2629,2025-12-09,High,Login Issue,21,Open
TCK_900337,CUST_2633,2025-10-14,High,Billing Bug,66,Open
TCK_900338,CUST_2640,2025-10-21,Critical,Api Down,28,Resolved
TCK_900339,CUST_2640,2025-04-15,Medium,Login Issue,37,Open
TCK_900340,CUST_2640,2025-10-29,High,Login Issue,20,Open
TCK_900341,CUST_2644,2025-02-03,Critical,Billing Bug,26,Closed
TCK_900342,CUST_2644,2025-06-18,Critical,Login Issue,43,Resolved
TCK_900343,CUST_2647,2025-06-05,Low,Billing Bug,4,Open
TCK_900344,CUST_2647,2025-05-24,Low,Api Down,33,Resolved
TCK_900345,CUST_2647,2025-06-29,Critical,Api Down,40,Closed
TCK_900346,CUST_2650,2025-05-28,Medium,Api Down,35,Open
TCK_900347,CUST_2650,2025-06-12,Low,Api Down,14,Resolved
TCK_900348,CUST_2651,2025-10-31,High,Api Down,6,Open
TCK_900349,CUST_2651,2025-08-27,Critical,Billing Bug,29,Resolved
TCK_900350,CUST_2655,2025-11-17,Low,Billing Bug,38,Open
TCK_900351,CUST_2655,2025-05-26,High,Api Down,48,Resolved
TCK_900352,CUST_2660,2025-02-16,Critical,Billing Bug,69,Open
TCK_900353,CUST_2660,2025-11-18,Critical,Billing Bug,26,Closed
TCK_900354,CUST_2663,2025-08-28,Medium,Billing Bug,49,Open
TCK_900355,CUST_2663,2025-06-18,Medium,Billing Bug,64,Closed
TCK_900356,CUST_2664,2025-11-29,Low,Api Down,31,Closed
TCK_900357,CUST_2669,2025-10-20,Medium,Api Down,35,Resolved
TCK_900358,CUST_2669,2025-05-05,High,Billing Bug,41,Closed
TCK_900359,CUST_2669,2025-05-14,Medium,Feature Request,28,Resolved
TCK_900360,CUST_2670,2025-10-01,High,Feature Request,46,Closed
TCK_900361,CUST_2670,2025-05-04,High,Api Down,26,Open
TCK_900362,CUST_2673,2025-05-28,Medium,Billing Bug,24,Closed
TCK_900363,CUST_2673,2025-02-08,Low,Login Issue,52,Open
TCK_900364,CUST_2673,2025-02-03,High,Login Issue,17,Open
TCK_900365,CUST_2682,2025-05-18,Medium,Feature Request,4,Closed
TCK_900366,CUST_2686,2025-07-17,Critical,Api Down,46,Open
TCK_900367,CUST_2687,2025-03-28,High,Billing Bug,30,Resolved
TCK_900368,CUST_2687,2025-11-14,Medium,Feature Request,59,Closed
TCK_900369,CUST_2687,2025-03-31,Medium,Billing Bug,45,Open
TCK_900370,CUST_2695,2025-03-01,High,Feature Request,67,Closed
TCK_900371,CUST_2700,2025-04-16,Critical,Billing Bug,40,Resolved
TCK_900372,CUST_2700,2025-12-17,Low,Feature Request,45,Open
TCK_900373,CUST_2700,2025-05-21,Medium,Feature Request,46,Resolved
TCK_900374,CUST_2702,2025-05-10,Low,Billing Bug,18,Resolved
TCK_900375,CUST_2702,2025-09-22,Low,Billing Bug,49,Closed
TCK_900376,CUST_2702,2025-09-22,Critical,Login Issue,14,Open
TCK_900377,CUST_2703,2025-07-16,High,Login Issue,40,Open
TCK_900378,CUST_2703,2025-05-13,High,Api Down,20,Open
TCK_900379,CUST_2706,2025-10-14,High,Login Issue,47,Resolved
TCK_900380,CUST_2706,2025-10-20,Medium,Api Down,66,Closed
TCK_900381,CUST_2706,2025-11-17,High,Feature Request,29,Closed
TCK_900382,CUST_2707,2025-11-12,Medium,Login Issue,32,Open
TCK_900383,CUST_2707,2025-03-22,Medium,Feature Request,65,Closed
TCK_900384,CUST_2709,2025-03-08,High,Billing Bug,70,Open
TCK_900385,CUST_2718,2025-02-23,High,Billing Bug,53,Resolved
TCK_900386,CUST_2718,2025-07-26,Medium,Api Down,33,Open
TCK_900387,CUST_2718,2025-11-02,Critical,Login Issue,69,Closed
TCK_900388,CUST_2722,2025-09-24,Medium,Api Down,50,Resolved
TCK_900389,CUST_2722,2025-07-17,Critical,Feature Request,55,Open
TCK_900390,CUST_2722,2025-10-29,Medium,Feature Request,37,Open
TCK_900391,CUST_2723,2025-04-11,Low,Feature Request,22,Closed
TCK_900392,CUST_2732,2025-07-06,Low,Feature Request,11,Closed
TCK_900393,CUST_2735,2025-04-07,Low,Login Issue,47,Open
TCK_900394,CUST_2735,2025-04-13,High,Login Issue,41,Open
TCK_900395,CUST_2737,2025-04-25,High,Billing Bug,26,Resolved
TCK_900396,CUST_2737,2025-02-23,Critical,Api Down,44,Closed
TCK_900397,CUST_2739,2025-02-24,Low,Login Issue,51,Closed
TCK_900398,CUST_2739,2025-07-15,Low,Billing Bug,26,Closed
TCK_900399,CUST_2746,2025-11-15,Critical,Feature Request,15,Open
TCK_900400,CUST_2746,2025-08-07,High,Billing Bug,25,Resolved
TCK_900401,CUST_2747,2025-09-26,Low,Api Down,26,Closed
TCK_900402,CUST_2747,2025-09-13,High,Feature Request,52,Open
TCK_900403,CUST_2747,2025-02-21,Critical,Login Issue,66,Resolved
TCK_900404,CUST_2754,2025-04-17,Medium,Api Down,4,Closed
TCK_900405,CUST_2754,2025-10-17,Low,Api Down,5,Closed
TCK_900406,CUST_2754,2025-02-21,Medium,Api Down,68,Closed
TCK_900407,CUST_2763,2025-05-02,Medium,Api Down,35,Open
TCK_900408,CUST_2772,2025-02-18,Critical,Api Down,31,Resolved
TCK_900409,CUST_2775,2025-11-13,Critical,Api Down,2,Open
TCK_900410,CUST_2775,2025-03-29,Critical,Login Issue,63,Closed
TCK_900411,CUST_2775,2025-03-09,Critical,Feature Request,19,Resolved
TCK_900412,CUST_2776,2025-02-02,Low,Api Down,53,Resolved
TCK_900413,CUST_2776,2025-11-24,Low,Feature Request,56,Resolved
TCK_900414,CUST_2776,2025-05-01,High,Api Down,18,Closed
TCK_900415,CUST_2782,2025-06-28,Medium,Billing Bug,25,Open
TCK_900416,CUST_2782,2025-07-04,Medium,Api Down,32,Open
TCK_900417,CUST_2783,2025-05-30,Low,Billing Bug,41,Open
TCK_900418,CUST_2783,2025-04-11,High,Login Issue,11,Closed
TCK_900419,CUST_2783,2025-05-12,Critical,Login Issue,16,Resolved
TCK_900420,CUST_2784,2025-02-26,High,Api Down,33,Closed
TCK_900421,CUST_2784,2025-05-06,Critical,Billing Bug,36,Resolved
TCK_900422,CUST_2784,2025-02-23,Low,Login Issue,56,Open
TCK_900423,CUST_2788,2025-05-15,High,Api Down,53,Resolved
TCK_900424,CUST_2788,2025-04-24,Medium,Api Down,32,Closed
TCK_900425,CUST_2788,2025-02-19,High,Feature Request,16,Resolved
TCK_900426,CUST_2790,2025-09-18,Low,Login Issue,41,Open
TCK_900427,CUST_2790,2025-04-18,High,Feature Request,4,Open
TCK_900428,CUST_2795,2025-07-30,Low,Feature Request,8,Resolved
TCK_900429,CUST_2795,2025-11-27,Low,Feature Request,64,Open
TCK_900430,CUST_2795,2025-11-24,Low,Api Down,23,Open
TCK_900431,CUST_2797,2025-09-29,Low,Feature Request,8,Open
TCK_900432,CUST_2797,2025-05-21,Critical,Billing Bug,33,Resolved
TCK_900433,CUST_2799,2025-11-19,High,Feature Request,40,Resolved
TCK_900434,CUST_2799,2025-06-25,High,Login Issue,71,Closed
TCK_900435,CUST_2799,2025-12-09,Low,Login Issue,67,Resolved
TCK_900436,CUST_2809,2025-04-27,Critical,Login Issue,29,Resolved
TCK_900437,CUST_2811,2025-02-06,Medium,Feature Request,57,Open
TCK_900438,CUST_2811,2025-02-04,Low,Login Issue,29,Closed
TCK_900439,CUST_2811,2025-10-24,Medium,Api Down,31,Open
TCK_900440,CUST_2832,2025-05-27,High,Login Issue,22,Open
TCK_900441,CUST_2832,2025-08-20,High,Api Down,26,Closed
TCK_900442,CUST_2833,2025-02-19,Medium,Billing Bug,68,Resolved
TCK_900443,CUST_2833,2025-03-29,Medium,Login Issue,45,Open
TCK_900444,CUST_2836,2025-10-11,Critical,Login Issue,49,Resolved
TCK_900445,CUST_2836,2025-06-24,High,Feature Request,10,Closed
TCK_900446,CUST_2836,2025-05-07,Medium,Login Issue,28,Open
TCK_900447,CUST_2838,2025-03-25,Low,Feature Request,17,Open
TCK_900448,CUST_2838,2025-03-08,Medium,Api Down,26,Resolved
TCK_900449,CUST_2841,2025-08-31,Low,Billing Bug,10,Closed
TCK_900450,CUST_2842,2025-03-11,High,Billing Bug,40,Resolved
TCK_900451,CUST_2842,2025-08-28,Critical,Api Down,3,Closed
TCK_900452,CUST_2842,2025-10-01,High,Feature Request,34,Open
TCK_900453,CUST_2847,2025-04-17,Critical,Login Issue,55,Closed
TCK_900454,CUST_2847,2025-05-16,Low,Billing Bug,13,Resolved
TCK_900455,CUST_2849,2025-03-13,Critical,Feature Request,72,Closed
TCK_900456,CUST_2857,2025-09-01,Medium,Api Down,60,Resolved
TCK_900457,CUST_2857,2025-03-08,Low,Billing Bug,32,Closed
TCK_900458,CUST_2861,2025-03-04,High,Login Issue,8,Open
TCK_900459,CUST_2861,2025-11-26,High,Feature Request,15,Closed
TCK_900460,CUST_2863,2025-12-07,High,Login Issue,66,Closed
TCK_900461,CUST_2863,2025-11-29,Low,Api Down,34,Closed
TCK_900462,CUST_2863,2025-10-04,Medium,Billing Bug,13,Closed
TCK_900463,CUST_2867,2025-07-29,Low,Feature Request,28,Closed
TCK_900464,CUST_2871,2025-12-02,Medium,Feature Request,14,Open
TCK_900465,CUST_2874,2025-09-26,Critical,Api Down,34,Open
TCK_900466,CUST_2874,2025-02-26,Critical,Api Down,41,Closed
TCK_900467,CUST_2874,2025-10-19,Medium,Billing Bug,30,Open
TCK_900468,CUST_2876,2025-10-28,High,Feature Request,55,Open
TCK_900469,CUST_2876,2025-06-15,High,Login Issue,28,Resolved
TCK_900470,CUST_2876,2025-12-10,Critical,Billing Bug,69,Closed
TCK_900471,CUST_2877,2025-11-30,Low,Api Down,44,Closed
TCK_900472,CUST_2883,2025-05-25,Low,Billing Bug,5,Open
TCK_900473,CUST_2885,2025-06-04,High,Feature Request,65,Closed
TCK_900474,CUST_2889,2025-02-26,High,Feature Request,53,Open
TCK_900475,CUST_2889,2025-11-16,Low,Api Down,8,Open
TCK_900476,CUST_2896,2025-10-27,Low,Billing Bug,25,Closed
TCK_900477,CUST_2896,2025-11-14,Medium,Login Issue,29,Open
TCK_900478,CUST_2908,2025-07-23,Medium,Billing Bug,13,Open
TCK_900479,CUST_2908,2025-03-23,Low,Api Down,46,Open
TCK_900480,CUST_2911,2025-05-01,High,Api Down,52,Closed
TCK_900481,CUST_2911,2025-03-16,Medium,Api Down,65,Resolved
TCK_900482,CUST_2922,2025-05-20,Medium,Billing Bug,23,Resolved
TCK_900483,CUST_2924,2025-09-22,Low,Feature Request,70,Resolved
TCK_900484,CUST_2926,2025-05-25,Medium,Api Down,23,Open
TCK_900485,CUST_2935,2025-11-12,High,Billing Bug,39,Closed
TCK_900486,CUST_2935,2025-02-20,Low,Login Issue,33,Open
TCK_900487,CUST_2935,2025-09-24,Medium,Login Issue,32,Resolved
TCK_900488,CUST_2938,2025-02-24,Critical,Billing Bug,24,Resolved
TCK_900489,CUST_2938,2025-05-23,Medium,Api Down,1,Resolved
TCK_900490,CUST_2942,2025-08-29,Critical,Api Down,51,Resolved
TCK_900491,CUST_2942,2025-05-17,Medium,Billing Bug,12,Resolved
TCK_900492,CUST_2942,2025-03-02,Low,Billing Bug,13,Closed
TCK_900493,CUST_2945,2025-07-22,Medium,Api Down,48,Open
TCK_900494,CUST_2945,2025-09-08,Critical,Feature Request,63,Closed
TCK_900495,CUST_2945,2025-09-05,Low,Api Down,31,Closed
TCK_900496,CUST_2950,2025-07-09,Low,Login Issue,54,Open
TCK_900497,CUST_2950,2025-07-17,Low,Api Down,18,Closed
TCK_900498,CUST_2958,2025-11-16,Critical,Billing Bug,61,Closed
TCK_900499,CUST_2958,2025-11-17,Critical,Api Down,38,Closed
TCK_900500,CUST_2958,2025-09-11,Critical,Feature Request,11,Closed
TCK_900501,CUST_2972,2025-10-30,Low,Api Down,46,Closed
TCK_900502,CUST_2972,2025-08-03,Low,Login Issue,71,Resolved
TCK_900503,CUST_2973,2025-04-23,Critical,Api Down,10,Resolved
TCK_900504,CUST_2973,2025-05-03,High,Billing Bug,23,Closed
TCK_900505,CUST_2975,2025-02-25,Critical,Login Issue,22,Closed
TCK_900506,CUST_2975,2025-03-08,Medium,Feature Request,57,Closed
TCK_900507,CUST_2978,2025-03-09,Critical,Feature Request,70,Closed
TCK_900508,CUST_2978,2025-06-18,High,Api Down,7,Open
TCK_900509,CUST_2978,2025-10-03,Medium,Api Down,63,Closed
TCK_900510,CUST_2985,2025-08-27,Low,Feature Request,27,Open
TCK_900511,CUST_2985,2025-06-25,High,Login Issue,56,Resolved
TCK_900512,CUST_2993,2025-09-23,Critical,Api Down,37,Closed
TCK_900513,CUST_2995,2025-12-14,Low,Feature Request,46,Closed
TCK_900514,CUST_2996,2025-07-14,Critical,Billing Bug,22,Open
TCK_900515,CUST_2999,2025-02-07,Low,Api Down,6,Resolved
TCK_900516,CUST_2999,2025-04-11,Medium,Api Down,24,Closed
TCK_900517,CUST_2999,2025-09-16,Medium,Feature Request,12,Resolved
TCK_900518,CUST_3003,2025-04-14,High,Feature Request,53,Closed
TCK_900519,CUST_3006,2025-02-11,High,Billing Bug,25,Open
TCK_900520,CUST_3006,2025-09-08,Medium,Login Issue,40,Closed
TCK_900521,CUST_3006,2025-10-08,Low,Login Issue,26,Resolved
TCK_900522,CUST_3007,2025-08-07,High,Login Issue,2,Open
TCK_900523,CUST_3007,2025-03-08,Medium,Billing Bug,9,Open
TCK_900524,CUST_3011,2025-07-03,High,Login Issue,37,Open
TCK_900525,CUST_3011,2025-03-18,Low,Login Issue,39,Open
TCK_900526,CUST_3011,2025-03-07,Critical,Login Issue,8,Open
TCK_900527,CUST_3012,2025-02-14,Low,Login Issue,17,Closed
TCK_900528,CUST_3012,2025-09-12,Critical,Feature Request,69,Closed
TCK_900529,CUST_3014,2025-02-20,Low,Billing Bug,5,Open
TCK_900530,CUST_3014,2025-08-09,High,Api Down,46,Resolved
TCK_900531,CUST_3015,2025-08-28,Medium,Feature Request,37,Open
TCK_900532,CUST_3018,2025-09-27,High,Login Issue,14,Resolved
TCK_900533,CUST_3018,2025-09-29,Medium,Api Down,46,Closed
TCK_900534,CUST_3020,2025-06-10,High,Api Down,44,Open
TCK_900535,CUST_3020,2025-02-25,Low,Api Down,46,Closed
TCK_900536,CUST_3020,2025-06-03,Critical,Feature Request,64,Resolved
TCK_900537,CUST_3023,2025-05-04,Low,Login Issue,62,Closed
TCK_900538,CUST_3026,2025-06-24,Low,Billing Bug,21,Resolved
TCK_900539,CUST_3036,2025-02-20,Medium,Billing Bug,38,Closed
TCK_900540,CUST_3036,2025-02-23,Medium,Login Issue,58,Resolved
TCK_900541,CUST_3036,2025-11-08,Critical,Feature Request,47,Open
TCK_900542,CUST_3037,2025-08-02,High,Api Down,24,Closed
TCK_900543,CUST_3037,2025-11-26,High,Feature Request,37,Closed
TCK_900544,CUST_3037,2025-02-10,Medium,Api Down,23,Closed
TCK_900545,CUST_3039,2025-06-28,Critical,Login Issue,43,Closed
TCK_900546,CUST_3042,2025-10-24,High,Api Down,32,Open
TCK_900547,CUST_3042,2025-07-28,Low,Api Down,68,Open
TCK_900548,CUST_3045,2025-10-18,High,Feature Request,15,Closed
TCK_900549,CUST_3045,2025-06-06,Medium,Feature Request,16,Closed
TCK_900550,CUST_3045,2025-09-02,High,Feature Request,54,Resolved
TCK_900551,CUST_3056,2025-03-05,Low,Feature Request,48,Resolved
TCK_900552,CUST_3056,2025-03-31,Critical,Feature Request,42,Open
TCK_900553,CUST_3057,2025-10-09,Low,Api Down,64,Open
TCK_900554,CUST_3066,2025-11-02,Low,Api Down,34,Closed
TCK_900555,CUST_3066,2025-04-11,High,Api Down,6,Closed
TCK_900556,CUST_3069,2025-07-26,Medium,Login Issue,24,Closed
TCK_900557,CUST_3069,2025-11-17,Low,Login Issue,53,Resolved
TCK_900558,CUST_3069,2025-10-16,Low,Login Issue,10,Open
TCK_900559,CUST_3070,2025-02-10,Medium,Billing Bug,35,Resolved
TCK_900560,CUST_3070,2025-04-25,Low,Feature Request,60,Closed
TCK_900561,CUST_3071,2025-02-08,Low,Api Down,66,Closed
TCK_900562,CUST_3071,2025-03-14,Low,Api Down,39,Open
TCK_900563,CUST_3071,2025-05-15,Medium,Api Down,26,Resolved
TCK_900564,CUST_3074,2025-03-04,High,Api Down,24,Open
TCK_900565,CUST_3074,2025-09-08,Critical,Api Down,1,Closed
TCK_900566,CUST_3074,2025-03-02,Critical,Feature Request,70,Resolved
TCK_900567,CUST_3077,2025-02-23,Low,Billing Bug,55,Open
TCK_900568,CUST_3077,2025-02-14,High,Api Down,7,Closed
TCK_900569,CUST_3077,2025-06-09,Low,Api Down,23,Open
TCK_900570,CUST_3079,2025-09-28,Critical,Login Issue,1,Resolved
TCK_900571,CUST_3079,2025-03-26,Low,Billing Bug,46,Closed
TCK_900572,CUST_3079,2025-10-20,Critical,Api Down,28,Resolved
TCK_900573,CUST_3080,2025-07-05,Critical,Billing Bug,23,Closed
TCK_900574,CUST_3080,2025-03-08,High,Api Down,50,Closed
TCK_900575,CUST_3082,2025-11-15,High,Billing Bug,26,Closed
TCK_900576,CUST_3082,2025-06-16,Low,Billing Bug,21,Open
TCK_900577,CUST_3082,2025-03-08,Critical,Billing Bug,18,Open
TCK_900578,CUST_3084,2025-03-21,Medium,Feature Request,22,Resolved
TCK_900579,CUST_3088,2025-02-20,High,Api Down,45,Open
TCK_900580,CUST_3088,2025-03-16,Medium,Api Down,8,Closed
TCK_900581,CUST_3088,2025-08-11,Low,Billing Bug,25,Open
TCK_900582,CUST_3091,2025-06-30,Medium,Login Issue,21,Resolved
TCK_900583,CUST_3092,2025-06-18,High,Api Down,54,Open
TCK_900584,CUST_3092,2025-08-25,Critical,Api Down,51,Open
TCK_900585,CUST_3092,2025-04-04,Medium,Feature Request,16,Closed
TCK_900586,CUST_3093,2025-11-11,Critical,Billing Bug,19,Open
TCK_900587,CUST_3093,2025-02-16,Medium,Login Issue,48,Resolved
TCK_900588,CUST_3101,2025-08-04,High,Billing Bug,1,Closed
TCK_900589,CUST_3101,2025-05-28,Critical,Feature Request,52,Resolved
TCK_900590,CUST_3105,2025-09-16,Medium,Api Down,26,Closed
TCK_900591,CUST_3105,2025-07-03,Critical,Feature Request,72,Open
TCK_900592,CUST_3107,2025-04-05,Low,Feature Request,27,Closed
TCK_900593,CUST_3107,2025-03-08,High,Login Issue,20,Open
TCK_900594,CUST_3107,2025-04-27,High,Billing Bug,21,Closed
TCK_900595,CUST_3108,2025-02-06,Medium,Login Issue,8,Closed
TCK_900596,CUST_3108,2025-07-23,Low,Login Issue,72,Open
TCK_900597,CUST_3108,2025-11-23,High,Login Issue,57,Open
TCK_900598,CUST_3110,2025-12-16,Critical,Billing Bug,56,Open
TCK_900599,CUST_3110,2025-02-24,Critical,Api Down,43,Resolved
TCK_900600,CUST_3120,2025-08-17,High,Api Down,38,Closed
TCK_900601,CUST_3120,2025-02-03,Low,Api Down,17,Open
TCK_900602,CUST_3120,2025-06-03,Medium,Api Down,15,Resolved
TCK_900603,CUST_3132,2025-07-02,High,Api Down,70,Closed
TCK_900604,CUST_3135,2025-02-28,Medium,Billing Bug,69,Open
TCK_900605,CUST_3135,2025-02-25,High,Api Down,66,Open
TCK_900606,CUST_3142,2025-07-17,Critical,Feature Request,17,Resolved
TCK_900607,CUST_3142,2025-10-26,Medium,Billing Bug,44,Resolved
TCK_900608,CUST_3143,2025-07-22,High,Login Issue,40,Closed
TCK_900609,CUST_3143,2025-05-17,High,Api Down,43,Open
TCK_900610,CUST_3148,2025-12-03,Low,Feature Request,7,Open
TCK_900611,CUST_3149,2025-02-08,Low,Feature Request,20,Open
TCK_900612,CUST_3149,2025-09-24,Low,Feature Request,50,Closed
TCK_900613,CUST_3163,2025-05-06,High,Api Down,40,Closed
TCK_900614,CUST_3163,2025-12-16,Critical,Billing Bug,58,Resolved
TCK_900615,CUST_3163,2025-09-17,Critical,Feature Request,39,Closed
TCK_900616,CUST_3170,2025-12-05,Critical,Feature Request,70,Open
TCK_900617,CUST_3170,2025-03-01,High,Feature Request,20,Closed
TCK_900618,CUST_3170,2025-08-29,High,Billing Bug,51,Open
TCK_900619,CUST_3172,2025-04-29,Low,Login Issue,36,Closed
TCK_900620,CUST_3172,2025-07-16,Critical,Api Down,5,Resolved
TCK_900621,CUST_3172,2025-09-15,Medium,Api Down,26,Resolved
TCK_900622,CUST_3176,2025-07-15,Medium,Feature Request,12,Closed
TCK_900623,CUST_3176,2025-04-17,Medium,Api Down,24,Resolved
TCK_900624,CUST_3176,2025-07-30,High,Feature Request,71,Closed
TCK_900625,CUST_3178,2025-08-16,Low,Login Issue,46,Open
TCK_900626,CUST_3178,2025-02-04,Low,Login Issue,34,Resolved
TCK_900627,CUST_3178,2025-11-30,Medium,Billing Bug,16,Closed
TCK_900628,CUST_3180,2025-02-15,Medium,Billing Bug,5,Open
TCK_900629,CUST_3180,2025-10-10,Critical,Login Issue,30,Closed
TCK_900630,CUST_3180,2025-02-16,Critical,Login Issue,57,Resolved
TCK_900631,CUST_3186,2025-04-03,High,Login Issue,65,Open
TCK_900632,CUST_3186,2025-05-22,Critical,Api Down,30,Resolved
TCK_900633,CUST_3187,2025-10-27,Low,Feature Request,27,Resolved
TCK_900634,CUST_3187,2025-06-26,Medium,Api Down,71,Open
TCK_900635,CUST_3187,2025-10-31,High,Billing Bug,71,Closed
TCK_900636,CUST_3188,2025-07-07,Critical,Feature Request,67,Resolved
TCK_900637,CUST_3188,2025-05-09,Critical,Login Issue,35,Open
TCK_900638,CUST_3188,2025-04-26,High,Api Down,61,Closed
TCK_900639,CUST_3196,2025-10-17,Medium,Login Issue,5,Closed
TCK_900640,CUST_3196,2025-05-26,Low,Feature Request,14,Resolved
TCK_900641,CUST_3196,2025-04-28,Critical,Api Down,37,Resolved
TCK_900642,CUST_3204,2025-05-28,Low,Feature Request,40,Resolved
TCK_900643,CUST_3204,2025-11-28,Critical,Billing Bug,21,Resolved
TCK_900644,CUST_3204,2025-04-11,High,Login Issue,62,Closed
TCK_900645,CUST_3205,2025-03-27,Critical,Api Down,32,Open
TCK_900646,CUST_3212,2025-07-05,Critical,Feature Request,35,Resolved
TCK_900647,CUST_3212,2025-06-23,Medium,Api Down,15,Resolved
TCK_900648,CUST_3212,2025-05-31,Medium,Billing Bug,55,Open
TCK_900649,CUST_3217,2025-02-11,High,Billing Bug,30,Closed
TCK_900650,CUST_3219,2025-06-07,High,Feature Request,8,Closed
TCK_900651,CUST_3219,2025-03-11,High,Login Issue,10,Open
TCK_900652,CUST_3219,2025-09-08,Medium,Billing Bug,54,Closed
TCK_900653,CUST_3225,2025-11-05,Critical,Billing Bug,18,Open
TCK_900654,CUST_3229,2025-09-18,High,Billing Bug,23,Open
TCK_900655,CUST_3244,2025-07-14,Medium,Login Issue,48,Open
TCK_900656,CUST_3244,2025-02-19,Medium,Api Down,21,Closed
TCK_900657,CUST_3244,2025-08-26,Critical,Billing Bug,71,Open
TCK_900658,CUST_3245,2025-07-06,Medium,Login Issue,64,Resolved
TCK_900659,CUST_3245,2025-03-22,High,Api Down,33,Open
TCK_900660,CUST_3247,2025-08-24,Low,Login Issue,24,Resolved
TCK_900661,CUST_3249,2025-10-13,High,Api Down,20,Resolved
TCK_900662,CUST_3249,2025-09-30,Medium,Feature Request,58,Closed
TCK_900663,CUST_3252,2025-09-02,Low,Api Down,30,Closed
TCK_900664,CUST_3253,2025-03-27,Critical,Billing Bug,14,Resolved
TCK_900665,CUST_3255,2025-09-21,Critical,Feature Request,6,Open
TCK_900666,CUST_3255,2025-09-01,Medium,Api Down,15,Open
TCK_900667,CUST_3255,2025-10-04,Medium,Feature Request,36,Closed
TCK_900668,CUST_3257,2025-04-09,Low,Api Down,23,Open
TCK_900669,CUST_3257,2025-05-27,High,Billing Bug,45,Closed
TCK_900670,CUST_3259,2025-10-22,Critical,Billing Bug,17,Closed
TCK_900671,CUST_3259,2025-05-18,Critical,Feature Request,59,Closed
TCK_900672,CUST_3260,2025-08-20,Low,Billing Bug,12,Closed
TCK_900673,CUST_3260,2025-08-13,Low,Login Issue,15,Open
TCK_900674,CUST_3260,2025-11-27,Low,Api Down,47,Closed
TCK_900675,CUST_3261,2025-08-26,Low,Feature Request,3,Closed
TCK_900676,CUST_3261,2025-06-30,Critical,Billing Bug,61,Resolved
TCK_900677,CUST_3261,2025-04-15,Critical,Api Down,29,Resolved
TCK_900678,CUST_3262,2025-06-23,Medium,Billing Bug,8,Open
TCK_900679,CUST_3262,2025-03-08,Medium,Login Issue,45,Resolved
TCK_900680,CUST_3270,2025-03-01,Low,Login Issue,4,Closed
TCK_900681,CUST_3270,2025-09-22,Low,Billing Bug,38,Closed
TCK_900682,CUST_3270,2025-09-12,Low,Api Down,62,Open
TCK_900683,CUST_3275,2025-10-18,Low,Billing Bug,33,Open
TCK_900684,CUST_3275,2025-05-07,Low,Billing Bug,31,Open
TCK_900685,CUST_3276,2025-02-09,Critical,Feature Request,7,Open
TCK_900686,CUST_3278,2025-10-29,High,Login Issue,52,Resolved
TCK_900687,CUST_3278,2025-10-30,Critical,Billing Bug,18,Resolved
TCK_900688,CUST_3278,2025-10-07,Medium,Login Issue,50,Resolved
TCK_900689,CUST_3279,2025-10-19,Critical,Login Issue,19,Resolved
TCK_900690,CUST_3280,2025-05-25,Low,Api Down,19,Resolved
TCK_900691,CUST_3280,2025-01-31,High,Login Issue,42,Closed
TCK_900692,CUST_3280,2025-09-20,High,Billing Bug,56,Open
TCK_900693,CUST_3283,2025-02-07,Low,Api Down,5,Resolved
TCK_900694,CUST_3283,2025-09-07,Critical,Api Down,63,Closed
TCK_900695,CUST_3287,2025-11-03,High,Feature Request,26,Open
TCK_900696,CUST_3289,2025-08-15,High,Login Issue,49,Open
TCK_900697,CUST_3289,2025-06-18,Critical,Feature Request,32,Closed
TCK_900698,CUST_3293,2025-10-01,Critical,Billing Bug,46,Closed
TCK_900699,CUST_3293,2025-07-25,High,Login Issue,43,Closed
TCK_900700,CUST_3293,2025-06-07,Medium,Billing Bug,9,Closed
TCK_900701,CUST_3297,2025-04-01,Low,Api Down,60,Closed
TCK_900702,CUST_3306,2025-06-12,Critical,Billing Bug,66,Resolved
TCK_900703,CUST_3312,2025-10-27,Critical,Api Down,25,Resolved
TCK_900704,CUST_3312,2025-10-23,Critical,Login Issue,61,Resolved
TCK_900705,CUST_3317,2025-12-02,Low,Login Issue,33,Open
TCK_900706,CUST_3320,2025-05-08,Critical,Billing Bug,23,Open
TCK_900707,CUST_3320,2025-10-02,Medium,Api Down,58,Closed
TCK_900708,CUST_3320,2025-04-17,Medium,Feature Request,58,Open
TCK_900709,CUST_3325,2025-09-24,Medium,Feature Request,4,Open
TCK_900710,CUST_3325,2025-05-21,High,Api Down,44,Resolved
TCK_900711,CUST_3331,2025-05-10,High,Feature Request,21,Open
TCK_900712,CUST_3332,2025-05-25,Medium,Login Issue,44,Open
TCK_900713,CUST_3332,2025-06-17,Medium,Billing Bug,26,Resolved
TCK_900714,CUST_3336,2025-10-30,High,Billing Bug,20,Open
TCK_900715,CUST_3336,2025-07-06,High,Billing Bug,59,Resolved
TCK_900716,CUST_3342,2025-11-08,Low,Billing Bug,24,Open
TCK_900717,CUST_3342,2025-12-14,Low,Billing Bug,36,Resolved
TCK_900718,CUST_3343,2025-03-09,Medium,Feature Request,53,Resolved
TCK_900719,CUST_3343,2025-12-07,High,Api Down,27,Closed
TCK_900720,CUST_3343,2025-09-20,High,Feature Request,68,Closed
TCK_900721,CUST_3348,2025-05-27,High,Feature Request,18,Closed
TCK_900722,CUST_3348,2025-05-31,Medium,Login Issue,65,Closed
TCK_900723,CUST_3348,2025-11-22,Critical,Api Down,10,Resolved
TCK_900724,CUST_3352,2025-07-22,Critical,Login Issue,26,Resolved
TCK_900725,CUST_3353,2025-08-11,High,Api Down,60,Resolved
TCK_900726,CUST_3353,2025-07-24,Critical,Login Issue,51,Closed
TCK_900727,CUST_3353,2025-08-31,High,Feature Request,60,Resolved
TCK_900728,CUST_3357,2025-09-01,Critical,Feature Request,38,Resolved
TCK_900729,CUST_3357,2025-10-31,High,Feature Request,47,Open
TCK_900730,CUST_3357,2025-04-04,Low,Login Issue,27,Closed
TCK_900731,CUST_3360,2025-02-08,Critical,Billing Bug,29,Closed
TCK_900732,CUST_3362,2025-11-19,Medium,Login Issue,41,Closed
TCK_900733,CUST_3362,2025-08-24,High,Feature Request,12,Closed
TCK_900734,CUST_3362,2025-03-09,Critical,Billing Bug,72,Resolved
TCK_900735,CUST_3372,2025-06-14,Critical,Api Down,72,Closed
TCK_900736,CUST_3372,2025-04-17,Low,Feature Request,16,Open
TCK_900737,CUST_3372,2025-04-02,Medium,Feature Request,54,Open
TCK_900738,CUST_3373,2025-07-12,Critical,Feature Request,70,Open
TCK_900739,CUST_3373,2025-07-05,Medium,Billing Bug,2,Resolved
TCK_900740,CUST_3391,2025-02-10,Low,Api Down,21,Resolved
TCK_900741,CUST_3391,2025-08-07,Critical,Feature Request,64,Closed
TCK_900742,CUST_3392,2025-09-12,High,Login Issue,3,Resolved
TCK_900743,CUST_3392,2025-07-23,High,Billing Bug,52,Closed
TCK_900744,CUST_3394,2025-11-29,Medium,Login Issue,25,Closed
TCK_900745,CUST_3394,2025-10-27,Critical,Billing Bug,67,Resolved
TCK_900746,CUST_3395,2025-06-24,High,Login Issue,58,Resolved
TCK_900747,CUST_3395,2025-02-18,Medium,Feature Request,35,Resolved
TCK_900748,CUST_3406,2025-07-16,High,Api Down,51,Open
TCK_900749,CUST_3409,2025-02-15,Medium,Login Issue,29,Resolved
TCK_900750,CUST_3409,2025-02-23,High,Login Issue,5,Open
TCK_900751,CUST_3409,2025-08-08,Critical,Api Down,52,Resolved
TCK_900752,CUST_3413,2025-06-06,High,Feature Request,47,Open
TCK_900753,CUST_3414,2025-10-14,High,Api Down,44,Resolved
TCK_900754,CUST_3414,2025-04-02,Critical,Billing Bug,1,Resolved
TCK_900755,CUST_3425,2025-04-05,High,Api Down,66,Closed
TCK_900756,CUST_3425,2025-07-04,High,Login Issue,72,Closed
TCK_900757,CUST_3425,2025-06-29,High,Api Down,64,Closed
TCK_900758,CUST_3428,2025-04-09,Medium,Billing Bug,65,Closed
TCK_900759,CUST_3428,2025-09-30,Low,Billing Bug,27,Resolved
TCK_900760,CUST_3428,2025-04-26,Critical,Billing Bug,15,Resolved
TCK_900761,CUST_3429,2025-03-31,High,Api Down,49,Open
TCK_900762,CUST_3429,2025-06-27,High,Api Down,50,Closed
TCK_900763,CUST_3429,2025-03-14,Low,Api Down,55,Resolved
TCK_900764,CUST_3434,2025-03-31,High,Feature Request,65,Resolved
TCK_900765,CUST_3434,2025-05-16,Critical,Billing Bug,15,Resolved
TCK_900766,CUST_3434,2025-03-28,Low,Login Issue,20,Resolved
TCK_900767,CUST_3449,2025-04-13,High,Api Down,48,Resolved
TCK_900768,CUST_3449,2025-03-31,Medium,Billing Bug,64,Open
TCK_900769,CUST_3449,2025-10-05,Critical,Feature Request,33,Closed
TCK_900770,CUST_3451,2025-03-19,High,Billing Bug,23,Closed
TCK_900771,CUST_3468,2025-04-30,High,Login Issue,30,Resolved
TCK_900772,CUST_3468,2025-06-15,Medium,Billing Bug,43,Resolved
TCK_900773,CUST_3474,2025-05-26,Critical,Feature Request,18,Closed
TCK_900774,CUST_3480,2025-12-15,High,Login Issue,40,Closed
TCK_900775,CUST_3480,2025-03-03,Critical,Billing Bug,48,Closed
TCK_900776,CUST_3481,2025-05-02,Low,Billing Bug,36,Closed
TCK_900777,CUST_3484,2025-07-17,Medium,Billing Bug,1,Resolved
TCK_900778,CUST_3484,2025-05-22,High,Api Down,47,Open
TCK_900779,CUST_3491,2025-02-10,Critical,Billing Bug,1,Open
TCK_900780,CUST_3491,2025-07-02,Medium,Feature Request,8,Resolved
TCK_900781,CUST_3491,2025-03-02,High,Api Down,19,Open
TCK_900782,CUST_3496,2025-04-09,Medium,Feature Request,64,Resolved
TCK_900783,CUST_3496,2025-08-07,Low,Login Issue,60,Closed
TCK_900784,CUST_3496,2025-07-08,Critical,Api Down,65,Resolved
