Subscription_Id,Customer_Id,Plan_Id,Start_Date,End_Date,Status,Date_Quality_Flag,Subscription_Days
SUB_30181,CUST_2181,p_pro,2025-06-06,2025-05-29,Churned,End date before start date,
SUB_30307,CUST_2307,p_basic,2025-12-15,2025-12-01,Cancelled,End date before start date,
SUB_30352,CUST_2352,p_basic,2025-08-28,2025-08-09,Churned,End date before start date,
SUB_30424,CUST_2424,p_pro,2025-12-13,2025-12-03,Cancelled,End date before start date,
SUB_30586,CUST_2586,p_basic,2025-08-11,2025-07-28,Cancelled,End date before start date,
SUB_30613,CUST_2613,p_ent,2025-11-21,2025-11-05,Cancelled,End date before start date,
SUB_30678,CUST_2678,p_ent,2025-03-10,2025-02-25,Cancelled,End date before start date,
SUB_30778,CUST_2778,p_pro,2025-01-03,2024-12-16,Cancelled,End date before start date,
SUB_30782,CUST_2782,p_basic,2025-08-10,2025-07-21,Cancelled,End date before start date,
SUB_30858,CUST_2858,p_basic,2025-05-24,2025-05-15,Cancelled,End date before start date,
SUB_30969,CUST_2969,p_ent,2025-09-17,2025-09-07,Cancelled,End date before start date,
SUB_30988,CUST_2988,p_ent,2025-09-26,2025-09-14,Cancelled,End date before start date,
SUB_31114,CUST_3114,p_pro,2025-02-17,2025-02-09,Cancelled,End date before start date,
SUB_31172,CUST_3172,p_pro,2025-08-03,2025-07-18,Cancelled,End date before start date,
SUB_31267,CUST_3267,p_pro,2025-12-08,2025-11-25,Churned,End date before start date,
SUB_31273,CUST_3273,p_pro,2025-04-24,2025-04-16,Churned,End date before start date,
SUB_31322,CUST_3322,p_pro,2025-10-15,2025-09-25,Cancelled,End date before start date,
SUB_31340,CUST_3340,p_pro,2025-01-10,2024-12-26,Churned,End date before start date,
SUB_31351,CUST_3351,p_basic,2025-04-16,2025-04-07,Cancelled,End date before start date,
SUB_31353,CUST_3353,p_pro,2025-04-28,2025-04-17,Cancelled,End date before start date,
SUB_31411,CUST_3411,p_basic,2025-12-08,2025-11-25,Cancelled,End date before start date,
SUB_31414,CUST_3414,p_pro,2025-05-07,2025-04-27,Cancelled,End date before start date,
SUB_31476,CUST_3476,p_ent,2025-03-01,2025-02-20,Churned,End date before start date,
