subscription_id,customer_id,plan_id,start_date,end_date,status
SUB_30000,CUST_2000,p_ent,2025-09-16,,ACT
SUB_30001,CUST_2001,P_PRO ,2025-10-10,,ACT
SUB_30002,CUST_2002,p_ent,2025-03-21,,active
SUB_30003,CUST_2003,p_ent,2025-12-02,2026-07-01,canceled
SUB_30004,CUST_2004,p_ent,2025-01-30,,active
SUB_30005,CUST_2005,p_pro,2025-04-28,,active_plan
SUB_30006,CUST_2006,p_basic,2025-01-31,2025-05-07,cancelled
SUB_30007,CUST_2007,p_ent,2025-05-11,,active
SUB_30008,CUST_2008,p_ent,2025-07-25,2025-11-25,cancelled
SUB_30009,CUST_2009,p_basic,2025-01-28,,active_plan
SUB_30010,CUST_2010,p_ent,2025-09-09,,active
SUB_30011,CUST_2011,p_pro,2025-09-21,2026-01-27,churned
SUB_30012,CUST_2012,P_PRO ,2025-04-07,,active_plan
SUB_30013,CUST_2013,p_ent,2025-05-17,,active
SUB_30014,CUST_2014,P_PRO ,2025-04-24,,active_plan
SUB_30015,CUST_2015,p_ent,2025-11-01,,ACT
SUB_30016,CUST_2016,p_pro,2025-10-22,2026-04-15,cancelled
SUB_30017,CUST_2017,P_PRO ,2025-01-26,,active
SUB_30018,CUST_2018,p_ent,2025-11-23,2026-01-12,cancelled
SUB_30019,CUST_2019,P_PRO ,2025-04-24,,active
SUB_30020,CUST_2020,p_ent,2025-11-15,,active_plan
SUB_30021,CUST_2021,p_basic,2025-01-19,,active
SUB_30022,CUST_2022,p_pro,2025-09-09,2025-12-22,cancelled
SUB_30023,CUST_2023,P_PRO ,2025-07-22,2025-08-28,churned
SUB_30024,CUST_2024,p_basic,2025-04-29,2025-11-14,churned
SUB_30025,CUST_2025,p_pro,2025-02-17,2025-08-07,canceled
SUB_30026,CUST_2026,p_pro,2025-05-29,,active_plan
SUB_30027,CUST_2027,p_pro,2025-12-30,,active
SUB_30028,CUST_2028,p_pro,2025-12-19,2026-03-22,canceled
SUB_30029,CUST_2029,P_PRO ,2025-11-23,,active
SUB_30030,CUST_2030,P_PRO ,2025-09-09,,active_plan
SUB_30031,CUST_2031,p_pro,2025-10-25,,active_plan
SUB_30032,CUST_2032,P_PRO ,2025-09-05,,active
SUB_30033,CUST_2033,p_pro,2025-01-06,,active
SUB_30034,CUST_2034,p_ent,2025-10-21,,ACT
SUB_30035,CUST_2035,p_basic,2025-05-20,,active
SUB_30036,CUST_2036,p_pro,2025-06-03,2025-07-03,cancelled
SUB_30037,CUST_2037,p_basic,2025-02-21,2025-07-22,canceled
SUB_30038,CUST_2038,p_basic,2025-08-17,2026-03-23,churned
SUB_30039,CUST_2039,p_ent,2025-10-21,2026-01-01,canceled
SUB_30040,CUST_2040,p_pro,2025-08-05,,active_plan
SUB_30041,CUST_2041,p_ent,2025-06-11,2025-10-21,churned
SUB_30042,CUST_2042,p_pro,2025-11-10,,active_plan
SUB_30043,CUST_2043,p_pro,2025-09-19,,active
SUB_30044,CUST_2044,p_ent,2025-03-15,,active
SUB_30045,CUST_2045,P_PRO ,2025-10-23,,active
SUB_30046,CUST_2046,p_ent,2025-10-17,,active_plan
SUB_30047,CUST_2047,p_basic,2025-04-12,2025-06-23,cancelled
SUB_30048,CUST_2048,p_basic,2025-03-01,2025-09-03,canceled
SUB_30049,CUST_2049,p_pro,2025-01-24,,active_plan
SUB_30050,CUST_2050,p_ent,2025-03-21,,active
SUB_30051,CUST_2051,p_basic,2025-03-19,,ACT
SUB_30052,CUST_2052,p_basic,2025-05-21,,ACT
SUB_30053,CUST_2053,P_PRO ,2025-09-11,,active
SUB_30054,CUST_2054,p_pro,2025-01-16,,ACT
SUB_30055,CUST_2055,p_basic,2025-10-18,,ACT
SUB_30056,CUST_2056,p_ent,2025-07-15,,active
SUB_30057,CUST_2057,P_PRO ,2025-10-06,,ACT
SUB_30058,CUST_2058,p_pro,2025-11-15,,active
SUB_30059,CUST_2059,P_PRO ,2025-06-15,,active_plan
SUB_30060,CUST_2060,P_PRO ,2025-10-18,2026-02-14,canceled
SUB_30061,CUST_2061,P_PRO ,2025-08-01,,ACT
SUB_30062,CUST_2062,p_basic,2025-06-13,,ACT
SUB_30063,CUST_2063,p_basic,2025-03-08,,active_plan
SUB_30064,CUST_2064,P_PRO ,2025-11-17,,ACT
SUB_30065,CUST_2065,p_pro,2025-02-13,,active
SUB_30066,CUST_2066,p_ent,2025-12-02,2026-07-30,churned
SUB_30067,CUST_2067,P_PRO ,2025-09-12,,ACT
SUB_30068,CUST_2068,p_basic,2025-11-05,,ACT
SUB_30069,CUST_2069,p_basic,2025-04-23,,active_plan
SUB_30070,CUST_2070,p_basic,2025-07-09,,active
SUB_30071,CUST_2071,p_ent,2025-03-10,,active_plan
SUB_30072,CUST_2072,p_basic,2025-01-22,,active_plan
SUB_30073,CUST_2073,p_ent,2025-01-03,,ACT
SUB_30074,CUST_2074,p_ent,2025-04-02,,ACT
SUB_30075,CUST_2075,P_PRO ,2025-03-12,,ACT
SUB_30076,CUST_2076,p_basic,2025-11-10,,active_plan
SUB_30077,CUST_2077,P_PRO ,2025-09-28,,active_plan
SUB_30078,CUST_2078,P_PRO ,2025-12-26,,ACT
SUB_30079,CUST_2079,p_ent,2026-01-01,,active_plan
SUB_30080,CUST_2080,p_pro,2025-09-07,,active
SUB_30081,CUST_2081,p_basic,2025-08-05,,active
SUB_30082,CUST_2082,P_PRO ,2025-07-17,,active
SUB_30083,CUST_2083,p_basic,2025-10-06,,active_plan
SUB_30084,CUST_2084,P_PRO ,2025-02-03,2025-04-11,cancelled
SUB_30085,CUST_2085,p_pro,2025-08-19,,active_plan
SUB_30086,CUST_2086,p_pro,2025-08-10,,active
SUB_30087,CUST_2087,P_PRO ,2025-09-28,,ACT
SUB_30088,CUST_2088,p_basic,2025-08-05,,ACT
SUB_30089,CUST_2089,p_pro,2025-03-29,2025-06-08,canceled
SUB_30090,CUST_2090,p_pro,2025-12-08,2026-06-22,canceled
SUB_30091,CUST_2091,p_basic,2025-09-22,2025-11-21,canceled
SUB_30092,CUST_2092,p_pro,2025-02-06,,active_plan
SUB_30093,CUST_2093,p_basic,2025-12-20,2026-07-13,canceled
SUB_30094,CUST_2094,p_basic,2025-04-07,,ACT
SUB_30095,CUST_2095,p_ent,2025-05-13,,active_plan
SUB_30096,CUST_2096,p_pro,2025-02-10,,active_plan
SUB_30097,CUST_2097,P_PRO ,2025-04-05,,active_plan
SUB_30098,CUST_2098,p_ent,2025-01-23,,active_plan
SUB_30099,CUST_2099,P_PRO ,2025-04-09,,active_plan
SUB_30100,CUST_2100,p_basic,2025-09-16,,active
SUB_30101,CUST_2101,p_basic,2025-07-04,2025-08-06,canceled
SUB_30102,CUST_2102,p_basic,2025-05-07,,ACT
SUB_30103,CUST_2103,p_pro,2025-02-02,,active_plan
SUB_30104,CUST_2104,p_ent,2025-04-21,,active_plan
SUB_30105,CUST_2105,p_ent,2025-11-27,,active
SUB_30106,CUST_2106,p_ent,2025-09-30,,ACT
SUB_30107,CUST_2107,p_ent,2025-06-23,2025-10-28,churned
SUB_30108,CUST_2108,p_ent,2025-04-01,,ACT
SUB_30109,CUST_2109,p_ent,2025-04-08,,active_plan
SUB_30110,CUST_2110,p_basic,2025-11-22,,active
SUB_30111,CUST_2111,p_basic,2025-03-05,,active_plan
SUB_30112,CUST_2112,p_pro,2025-09-25,,active
SUB_30113,CUST_2113,p_ent,2025-07-30,,active_plan
SUB_30114,CUST_2114,p_ent,2025-01-22,2025-06-27,canceled
SUB_30115,CUST_2115,p_ent,2025-11-17,2025-12-28,cancelled
SUB_30116,CUST_2116,p_ent,2025-03-12,2025-09-26,cancelled
SUB_30117,CUST_2117,P_PRO ,2025-11-15,2026-02-19,canceled
SUB_30118,CUST_2118,p_basic,2025-04-28,,active
SUB_30119,CUST_2119,P_PRO ,2025-02-22,,active_plan
SUB_30120,CUST_2120,p_basic,2025-08-08,2025-09-07,canceled
SUB_30121,CUST_2121,p_ent,2025-07-22,,ACT
SUB_30122,CUST_2122,P_PRO ,2025-08-20,,ACT
SUB_30123,CUST_2123,p_pro,2025-02-18,,active_plan
SUB_30124,CUST_2124,p_basic,2025-03-01,2025-10-01,canceled
SUB_30125,CUST_2125,P_PRO ,2025-06-18,,active
SUB_30126,CUST_2126,P_PRO ,2025-11-23,,active_plan
SUB_30127,CUST_2127,p_ent,2025-05-06,,active_plan
SUB_30128,CUST_2128,p_pro,2025-04-05,,active_plan
SUB_30129,CUST_2129,p_pro,2025-07-07,,active
SUB_30130,CUST_2130,p_basic,2025-12-31,,active_plan
SUB_30131,CUST_2131,p_basic,2025-09-23,2026-02-18,cancelled
SUB_30132,CUST_2132,p_basic,2025-06-03,2025-12-13,canceled
SUB_30133,CUST_2133,P_PRO ,2025-08-14,,ACT
SUB_30134,CUST_2134,p_ent,2025-07-14,,ACT
SUB_30135,CUST_2135,p_pro,2025-02-19,,active_plan
SUB_30136,CUST_2136,P_PRO ,2025-09-01,,ACT
SUB_30137,CUST_2137,p_ent,2025-10-27,2025-12-06,cancelled
SUB_30138,CUST_2138,p_pro,2025-07-31,,ACT
SUB_30139,CUST_2139,p_pro,2025-02-17,2025-07-20,cancelled
SUB_30140,CUST_2140,p_basic,2025-04-28,,active
SUB_30141,CUST_2141,p_ent,2025-03-10,2025-05-30,canceled
SUB_30142,CUST_2142,p_pro,2025-08-02,,active
SUB_30143,CUST_2143,P_PRO ,2025-06-29,,ACT
SUB_30144,CUST_2144,p_basic,2025-03-26,,active_plan
SUB_30145,CUST_2145,p_ent,2025-11-12,,ACT
SUB_30146,CUST_2146,p_pro,2025-05-12,2025-09-15,churned
SUB_30147,CUST_2147,P_PRO ,2025-05-01,,active_plan
SUB_30148,CUST_2148,p_basic,2025-10-09,2026-02-21,churned
SUB_30149,CUST_2149,p_ent,2025-11-30,,ACT
SUB_30150,CUST_2150,P_PRO ,2025-12-19,,active_plan
SUB_30151,CUST_2151,P_PRO ,2025-09-27,,active_plan
SUB_30152,CUST_2152,p_pro,2025-08-23,,active_plan
SUB_30153,CUST_2153,p_pro,2025-03-11,,active_plan
SUB_30154,CUST_2154,p_basic,2025-08-18,,ACT
SUB_30155,CUST_2155,p_basic,2025-02-06,,ACT
SUB_30156,CUST_2156,p_ent,2025-09-03,,active
SUB_30157,CUST_2157,p_basic,2025-08-29,,ACT
SUB_30158,CUST_2158,p_basic,2025-10-16,,active_plan
SUB_30159,CUST_2159,P_PRO ,2025-08-12,,active_plan
SUB_30160,CUST_2160,p_pro,2025-09-01,2026-02-08,canceled
SUB_30161,CUST_2161,p_basic,2025-05-01,,active_plan
SUB_30162,CUST_2162,p_basic,2025-08-13,,active
SUB_30163,CUST_2163,P_PRO ,2025-01-15,2025-07-10,canceled
SUB_30164,CUST_2164,p_ent,2025-03-14,2025-07-23,cancelled
SUB_30165,CUST_2165,p_basic,2025-05-29,,active
SUB_30166,CUST_2166,p_pro,2025-06-18,2025-08-26,cancelled
SUB_30167,CUST_2167,P_PRO ,2025-04-21,2025-05-25,canceled
SUB_30168,CUST_2168,p_pro,2025-07-03,,active
SUB_30169,CUST_2169,P_PRO ,2025-01-11,2025-08-29,churned
SUB_30170,CUST_2170,P_PRO ,2025-04-16,2025-09-05,canceled
SUB_30171,CUST_2171,P_PRO ,2025-12-09,,ACT
SUB_30172,CUST_2172,P_PRO ,2025-03-11,,ACT
SUB_30173,CUST_2173,p_ent,2025-12-09,,ACT
SUB_30174,CUST_2174,p_pro,2025-05-27,2026-01-16,cancelled
SUB_30175,CUST_2175,p_pro,2025-08-26,,active_plan
SUB_30176,CUST_2176,P_PRO ,2025-07-07,,active_plan
SUB_30177,CUST_2177,p_ent,2025-04-01,2025-10-24,cancelled
SUB_30178,CUST_2178,P_PRO ,2025-10-15,,active_plan
SUB_30179,CUST_2179,p_pro,2025-08-03,,active_plan
SUB_30180,CUST_2180,p_basic,2025-12-14,,active
SUB_30181,CUST_2181,p_pro,2025-06-06,2025-05-29,churned
SUB_30182,CUST_2182,p_ent,2025-08-29,,ACT
SUB_30183,CUST_2183,p_ent,2025-08-13,2025-10-13,churned
SUB_30184,CUST_2184,p_ent,2025-10-31,,ACT
SUB_30185,CUST_2185,p_basic,2025-08-22,,ACT
SUB_30186,CUST_2186,p_ent,2025-06-26,,active
SUB_30187,CUST_2187,P_PRO ,2025-11-06,,active
SUB_30188,CUST_2188,P_PRO ,2025-06-26,2026-01-13,canceled
SUB_30189,CUST_2189,p_basic,2025-10-31,,active
SUB_30190,CUST_2190,P_PRO ,2025-08-21,,active_plan
SUB_30191,CUST_2191,p_pro,2025-12-02,2026-01-30,canceled
SUB_30192,CUST_2192,P_PRO ,2025-01-02,,active
SUB_30193,CUST_2193,p_pro,2025-08-18,,ACT
SUB_30194,CUST_2194,p_basic,2025-12-27,2026-06-01,churned
SUB_30195,CUST_2195,p_pro,2025-09-29,2025-11-22,canceled
SUB_30196,CUST_2196,P_PRO ,2025-10-24,2026-03-20,canceled
SUB_30197,CUST_2197,P_PRO ,2025-05-25,2025-06-27,cancelled
SUB_30198,CUST_2198,p_basic,2025-05-31,2025-09-23,canceled
SUB_30199,CUST_2199,p_basic,2025-09-30,,active
SUB_30200,CUST_2200,p_basic,2025-05-02,,active_plan
SUB_30201,CUST_2201,p_ent,2025-03-29,2025-06-15,canceled
SUB_30202,CUST_2202,p_basic,2025-01-11,,ACT
SUB_30203,CUST_2203,p_pro,2025-08-18,2026-04-05,canceled
SUB_30204,CUST_2204,p_pro,2025-04-22,2025-08-25,churned
SUB_30205,CUST_2205,p_basic,2025-04-16,,active_plan
SUB_30206,CUST_2206,p_pro,2025-02-04,,active
SUB_30207,CUST_2207,p_ent,2025-11-09,,ACT
SUB_30208,CUST_2208,p_ent,2025-01-26,,ACT
SUB_30209,CUST_2209,p_pro,2025-11-05,,active_plan
SUB_30210,CUST_2210,p_basic,2025-04-05,,active_plan
SUB_30211,CUST_2211,p_ent,2025-05-30,2025-10-23,churned
SUB_30212,CUST_2212,p_ent,2025-07-30,,ACT
SUB_30213,CUST_2213,p_pro,2025-09-24,2026-01-30,cancelled
SUB_30214,CUST_2214,p_ent,2025-03-22,,active
SUB_30215,CUST_2215,p_basic,2025-06-26,,ACT
SUB_30216,CUST_2216,p_ent,2025-08-07,,active_plan
SUB_30217,CUST_2217,p_basic,2025-01-21,,active_plan
SUB_30218,CUST_2218,p_ent,2025-10-21,,active_plan
SUB_30219,CUST_2219,p_basic,2025-03-21,,ACT
SUB_30220,CUST_2220,P_PRO ,2025-06-14,,active
SUB_30221,CUST_2221,P_PRO ,2025-10-30,,ACT
SUB_30222,CUST_2222,p_basic,2025-12-03,,ACT
SUB_30223,CUST_2223,P_PRO ,2025-06-29,,active
SUB_30224,CUST_2224,p_pro,2025-01-27,2025-08-30,canceled
SUB_30225,CUST_2225,p_basic,2025-11-04,,active
SUB_30226,CUST_2226,p_ent,2025-01-12,,active_plan
SUB_30227,CUST_2227,p_ent,2025-10-06,,ACT
SUB_30228,CUST_2228,P_PRO ,2025-12-18,,ACT
SUB_30229,CUST_2229,p_ent,2025-08-13,,active_plan
SUB_30230,CUST_2230,p_pro,2025-12-16,,ACT
SUB_30231,CUST_2231,p_pro,2025-01-12,,active_plan
SUB_30232,CUST_2232,P_PRO ,2025-06-20,,active_plan
SUB_30233,CUST_2233,P_PRO ,2025-05-12,2025-08-19,canceled
SUB_30234,CUST_2234,p_basic,2025-11-08,,active
SUB_30235,CUST_2235,p_pro,2025-03-07,,active_plan
SUB_30236,CUST_2236,p_pro,2025-11-24,2026-06-21,canceled
SUB_30237,CUST_2237,P_PRO ,2025-07-22,,active_plan
SUB_30238,CUST_2238,p_basic,2025-01-05,,active
SUB_30239,CUST_2239,p_ent,2025-07-01,,ACT
SUB_30240,CUST_2240,p_basic,2025-12-10,,ACT
SUB_30241,CUST_2241,p_pro,2025-05-23,,active
SUB_30242,CUST_2242,p_basic,2025-02-25,,active_plan
SUB_30243,CUST_2243,p_ent,2025-02-14,2025-06-09,cancelled
SUB_30244,CUST_2244,p_ent,2025-12-17,,active
SUB_30245,CUST_2245,p_basic,2025-08-20,2025-12-02,churned
SUB_30246,CUST_2246,p_basic,2025-02-17,,ACT
SUB_30247,CUST_2247,p_basic,2025-10-18,2025-12-10,churned
SUB_30248,CUST_2248,p_basic,2025-03-12,2025-09-09,canceled
SUB_30249,CUST_2249,P_PRO ,2025-05-20,,active_plan
SUB_30250,CUST_2250,P_PRO ,2025-09-12,,ACT
SUB_30251,CUST_2251,p_pro,2025-08-10,,active
SUB_30252,CUST_2252,P_PRO ,2025-04-23,,active_plan
SUB_30253,CUST_2253,p_ent,2025-11-17,2026-04-08,churned
SUB_30254,CUST_2254,p_basic,2025-02-02,2025-04-28,cancelled
SUB_30255,CUST_2255,P_PRO ,2025-01-22,,active
SUB_30256,CUST_2256,p_pro,2025-02-22,2025-07-18,canceled
SUB_30257,CUST_2257,p_basic,2025-03-30,,active
SUB_30258,CUST_2258,p_pro,2025-09-09,,active
SUB_30259,CUST_2259,p_ent,2025-06-13,,active
SUB_30260,CUST_2260,P_PRO ,2025-01-05,2025-05-19,churned
SUB_30261,CUST_2261,p_basic,2025-09-07,,active
SUB_30262,CUST_2262,p_pro,2025-11-13,,ACT
SUB_30263,CUST_2263,p_pro,2025-09-29,2026-05-12,canceled
SUB_30264,CUST_2264,P_PRO ,2025-02-17,,ACT
SUB_30265,CUST_2265,P_PRO ,2025-01-25,,ACT
SUB_30266,CUST_2266,P_PRO ,2025-10-30,,ACT
SUB_30267,CUST_2267,p_ent,2025-08-28,,ACT
SUB_30268,CUST_2268,p_basic,2025-10-28,,active_plan
SUB_30269,CUST_2269,p_basic,2025-09-06,,ACT
SUB_30270,CUST_2270,p_pro,2025-05-06,,active_plan
SUB_30271,CUST_2271,p_basic,2025-10-15,,active
SUB_30272,CUST_2272,p_basic,2025-11-05,,active_plan
SUB_30273,CUST_2273,P_PRO ,2025-03-17,,active
SUB_30274,CUST_2274,p_ent,2025-04-04,,active
SUB_30275,CUST_2275,P_PRO ,2025-12-06,2026-05-27,cancelled
SUB_30276,CUST_2276,p_pro,2025-02-09,,ACT
SUB_30277,CUST_2277,P_PRO ,2025-03-06,,active
SUB_30278,CUST_2278,P_PRO ,2025-10-06,2026-02-28,cancelled
SUB_30279,CUST_2279,P_PRO ,2025-06-21,2025-10-26,canceled
SUB_30280,CUST_2280,P_PRO ,2025-04-17,2025-11-19,canceled
SUB_30281,CUST_2281,p_ent,2025-03-03,,ACT
SUB_30282,CUST_2282,P_PRO ,2025-11-15,,active
SUB_30283,CUST_2283,p_basic,2025-03-24,,active
SUB_30284,CUST_2284,p_ent,2025-03-05,2025-08-17,churned
SUB_30285,CUST_2285,p_pro,2025-08-29,,ACT
SUB_30286,CUST_2286,P_PRO ,2025-10-26,2026-02-24,canceled
SUB_30287,CUST_2287,p_pro,2025-11-23,,active
SUB_30288,CUST_2288,p_ent,2025-10-03,2025-11-22,canceled
SUB_30289,CUST_2289,p_ent,2025-06-03,2025-10-19,cancelled
SUB_30290,CUST_2290,p_pro,2025-04-01,,active_plan
SUB_30291,CUST_2291,p_basic,2025-06-17,,active
SUB_30292,CUST_2292,P_PRO ,2025-04-19,2025-09-06,churned
SUB_30293,CUST_2293,p_pro,2025-07-13,,ACT
SUB_30294,CUST_2294,p_pro,2025-05-04,,active
SUB_30295,CUST_2295,p_basic,2025-07-13,,ACT
SUB_30296,CUST_2296,p_pro,2025-01-25,2025-06-25,cancelled
SUB_30297,CUST_2297,p_ent,2025-05-04,,active_plan
SUB_30298,CUST_2298,p_ent,2025-01-12,,ACT
SUB_30299,CUST_2299,P_PRO ,2025-11-24,,active
SUB_30300,CUST_2300,P_PRO ,2025-04-05,,active_plan
SUB_30301,CUST_2301,p_pro,2025-03-05,2025-05-25,churned
SUB_30302,CUST_2302,P_PRO ,2025-11-07,2026-06-11,cancelled
SUB_30303,CUST_2303,P_PRO ,2025-03-11,,active
SUB_30304,CUST_2304,p_ent,2025-05-10,2025-09-09,canceled
SUB_30305,CUST_2305,p_ent,2025-07-02,,active_plan
SUB_30306,CUST_2306,p_ent,2025-04-05,,active
SUB_30307,CUST_2307,p_basic,2025-12-15,2025-12-01,cancelled
SUB_30308,CUST_2308,p_pro,2025-12-13,2026-04-09,churned
SUB_30309,CUST_2309,p_pro,2025-09-08,,ACT
SUB_30310,CUST_2310,p_ent,2025-08-18,2025-09-20,canceled
SUB_30311,CUST_2311,p_basic,2025-09-25,2025-12-13,churned
SUB_30312,CUST_2312,P_PRO ,2025-08-18,,ACT
SUB_30313,CUST_2313,p_pro,2025-11-12,,ACT
SUB_30314,CUST_2314,p_pro,2025-12-11,,active_plan
SUB_30315,CUST_2315,p_basic,2025-05-09,2026-01-04,canceled
SUB_30316,CUST_2316,p_ent,2025-09-30,,active_plan
SUB_30317,CUST_2317,P_PRO ,2025-04-19,,active_plan
SUB_30318,CUST_2318,P_PRO ,2025-07-01,,active
SUB_30319,CUST_2319,p_ent,2025-06-24,,active
SUB_30320,CUST_2320,p_basic,2025-04-10,,active_plan
SUB_30321,CUST_2321,p_ent,2025-03-19,,ACT
SUB_30322,CUST_2322,p_ent,2025-10-05,,ACT
SUB_30323,CUST_2323,p_basic,2025-10-02,,active
SUB_30324,CUST_2324,p_basic,2025-01-13,,active
SUB_30325,CUST_2325,p_basic,2025-08-03,2026-03-08,canceled
SUB_30326,CUST_2326,p_ent,2025-10-01,,active
SUB_30327,CUST_2327,p_pro,2025-11-24,2026-04-28,canceled
SUB_30328,CUST_2328,P_PRO ,2025-11-19,2026-06-28,canceled
SUB_30329,CUST_2329,p_ent,2025-07-22,,active
SUB_30330,CUST_2330,p_pro,2025-11-30,,active_plan
SUB_30331,CUST_2331,P_PRO ,2025-10-16,,ACT
SUB_30332,CUST_2332,p_basic,2025-05-17,,ACT
SUB_30333,CUST_2333,P_PRO ,2025-03-30,2025-09-13,churned
SUB_30334,CUST_2334,p_ent,2025-09-14,,active_plan
SUB_30335,CUST_2335,p_pro,2025-06-24,,active
SUB_30336,CUST_2336,p_pro,2025-05-12,,ACT
SUB_30337,CUST_2337,p_basic,2025-06-01,2025-09-09,canceled
SUB_30338,CUST_2338,p_basic,2025-06-07,,active
SUB_30339,CUST_2339,p_pro,2025-11-23,,active_plan
SUB_30340,CUST_2340,P_PRO ,2025-08-18,2026-02-12,churned
SUB_30341,CUST_2341,p_pro,2025-11-06,,active
SUB_30342,CUST_2342,p_basic,2025-03-19,,active_plan
SUB_30343,CUST_2343,p_ent,2025-12-11,,active
SUB_30344,CUST_2344,p_pro,2025-08-31,2026-01-16,cancelled
SUB_30345,CUST_2345,p_ent,2025-09-06,,active_plan
SUB_30346,CUST_2346,p_ent,2025-03-20,,ACT
SUB_30347,CUST_2347,p_pro,2025-09-18,,ACT
SUB_30348,CUST_2348,P_PRO ,2025-02-06,,active_plan
SUB_30349,CUST_2349,p_basic,2025-12-12,,ACT
SUB_30350,CUST_2350,p_ent,2025-11-12,,active
SUB_30351,CUST_2351,p_basic,2025-04-18,,ACT
SUB_30352,CUST_2352,p_basic,2025-08-28,2025-08-09,churned
SUB_30353,CUST_2353,p_pro,2025-08-08,,active
SUB_30354,CUST_2354,P_PRO ,2025-05-13,,ACT
SUB_30355,CUST_2355,P_PRO ,2025-07-13,,active_plan
SUB_30356,CUST_2356,P_PRO ,2025-12-19,,active_plan
SUB_30357,CUST_2357,p_ent,2025-04-19,2025-11-07,cancelled
SUB_30358,CUST_2358,p_ent,2025-08-23,,active
SUB_30359,CUST_2359,p_basic,2025-10-15,,active
SUB_30360,CUST_2360,P_PRO ,2025-12-13,,active
SUB_30361,CUST_2361,p_ent,2025-07-10,,active
SUB_30362,CUST_2362,p_basic,2025-12-24,,active_plan
SUB_30363,CUST_2363,p_pro,2025-05-08,2025-07-24,cancelled
SUB_30364,CUST_2364,p_basic,2025-01-14,2025-05-30,canceled
SUB_30365,CUST_2365,P_PRO ,2025-08-06,,ACT
SUB_30366,CUST_2366,p_ent,2025-09-28,2025-11-21,canceled
SUB_30367,CUST_2367,p_basic,2025-07-19,,ACT
SUB_30368,CUST_2368,P_PRO ,2025-03-24,2025-08-28,cancelled
SUB_30369,CUST_2369,P_PRO ,2025-10-02,,ACT
SUB_30370,CUST_2370,p_pro,2025-02-12,,ACT
SUB_30371,CUST_2371,p_ent,2025-11-21,,active_plan
SUB_30372,CUST_2372,P_PRO ,2025-10-26,,active
SUB_30373,CUST_2373,p_basic,2025-12-24,,ACT
SUB_30374,CUST_2374,p_pro,2025-05-06,,active
SUB_30375,CUST_2375,p_basic,2025-06-08,2025-12-19,churned
SUB_30376,CUST_2376,p_basic,2025-03-30,,active_plan
SUB_30377,CUST_2377,p_basic,2025-12-24,,active_plan
SUB_30378,CUST_2378,p_basic,2025-02-16,,ACT
SUB_30379,CUST_2379,p_ent,2025-01-15,,active_plan
SUB_30380,CUST_2380,P_PRO ,2025-01-12,,ACT
SUB_30381,CUST_2381,p_pro,2025-02-18,,ACT
SUB_30382,CUST_2382,p_basic,2025-08-06,2025-11-20,canceled
SUB_30383,CUST_2383,p_pro,2025-06-09,,ACT
SUB_30384,CUST_2384,P_PRO ,2025-04-17,2025-06-20,churned
SUB_30385,CUST_2385,p_basic,2025-07-16,,active
SUB_30386,CUST_2386,p_ent,2025-09-20,2026-02-24,cancelled
SUB_30387,CUST_2387,P_PRO ,2025-11-01,2026-06-15,churned
SUB_30388,CUST_2388,p_ent,2025-10-11,,active_plan
SUB_30389,CUST_2389,P_PRO ,2025-02-09,,active_plan
SUB_30390,CUST_2390,p_pro,2025-08-15,2026-03-04,canceled
SUB_30391,CUST_2391,p_basic,2025-07-16,,active_plan
SUB_30392,CUST_2392,p_ent,2025-07-30,,active_plan
SUB_30393,CUST_2393,p_ent,2025-11-03,,active_plan
SUB_30394,CUST_2394,p_basic,2025-02-04,,ACT
SUB_30395,CUST_2395,P_PRO ,2025-10-04,,active
SUB_30396,CUST_2396,P_PRO ,2025-08-02,,ACT
SUB_30397,CUST_2397,P_PRO ,2025-03-08,,active_plan
SUB_30398,CUST_2398,p_basic,2025-04-27,,active_plan
SUB_30399,CUST_2399,p_ent,2025-05-21,,active_plan
SUB_30400,CUST_2400,p_ent,2025-05-17,,active_plan
SUB_30401,CUST_2401,p_pro,2025-06-01,2025-08-19,cancelled
SUB_30402,CUST_2402,P_PRO ,2025-11-21,,ACT
SUB_30403,CUST_2403,p_ent,2025-07-11,,active
SUB_30404,CUST_2404,P_PRO ,2025-06-20,2026-02-01,canceled
SUB_30405,CUST_2405,p_ent,2025-11-05,,ACT
SUB_30406,CUST_2406,P_PRO ,2025-01-13,2025-03-03,cancelled
SUB_30407,CUST_2407,p_ent,2025-01-07,,active
SUB_30408,CUST_2408,p_pro,2025-09-10,,active_plan
SUB_30409,CUST_2409,p_basic,2025-08-22,,active
SUB_30410,CUST_2410,P_PRO ,2025-09-23,,ACT
SUB_30411,CUST_2411,p_pro,2026-01-01,,active_plan
SUB_30412,CUST_2412,p_basic,2025-08-01,,active_plan
SUB_30413,CUST_2413,P_PRO ,2025-07-02,,active
SUB_30414,CUST_2414,p_ent,2025-10-04,2026-04-07,canceled
SUB_30415,CUST_2415,p_pro,2025-01-09,,active_plan
SUB_30416,CUST_2416,P_PRO ,2025-02-03,,ACT
SUB_30417,CUST_2417,p_basic,2025-12-30,,active_plan
SUB_30418,CUST_2418,P_PRO ,2025-08-20,,active_plan
SUB_30419,CUST_2419,P_PRO ,2025-04-04,,active_plan
SUB_30420,CUST_2420,p_ent,2025-08-18,2025-10-17,churned
SUB_30421,CUST_2421,P_PRO ,2025-01-29,,active
SUB_30422,CUST_2422,p_ent,2025-10-03,,active
SUB_30423,CUST_2423,p_pro,2025-09-16,,ACT
SUB_30424,CUST_2424,P_PRO ,2025-12-13,2025-12-03,cancelled
SUB_30425,CUST_2425,p_ent,2025-10-30,,active
SUB_30426,CUST_2426,p_ent,2025-05-26,2025-10-20,canceled
SUB_30427,CUST_2427,P_PRO ,2025-03-05,2025-09-10,canceled
SUB_30428,CUST_2428,p_ent,2025-09-08,,active_plan
SUB_30429,CUST_2429,p_basic,2025-05-08,,ACT
SUB_30430,CUST_2430,P_PRO ,2025-09-29,,active
SUB_30431,CUST_2431,p_ent,2025-09-12,2026-03-17,cancelled
SUB_30432,CUST_2432,p_basic,2025-04-08,2025-09-02,cancelled
SUB_30433,CUST_2433,p_ent,2025-05-18,,active
SUB_30434,CUST_2434,p_pro,2025-10-19,2026-06-15,canceled
SUB_30435,CUST_2435,p_pro,2025-03-19,2025-10-21,churned
SUB_30436,CUST_2436,p_ent,2025-07-05,,ACT
SUB_30437,CUST_2437,p_ent,2025-12-17,,active_plan
SUB_30438,CUST_2438,p_ent,2025-12-15,,ACT
SUB_30439,CUST_2439,p_basic,2025-04-20,,ACT
SUB_30440,CUST_2440,p_pro,2025-12-15,2026-01-22,churned
SUB_30441,CUST_2441,P_PRO ,2025-04-22,2025-11-20,churned
SUB_30442,CUST_2442,p_ent,2025-04-15,2025-11-29,churned
SUB_30443,CUST_2443,p_pro,2025-08-24,,active
SUB_30444,CUST_2444,p_ent,2025-02-06,2025-07-14,churned
SUB_30445,CUST_2445,p_basic,2025-01-06,,ACT
SUB_30446,CUST_2446,P_PRO ,2025-02-12,,active
SUB_30447,CUST_2447,p_ent,2025-05-02,,active
SUB_30448,CUST_2448,p_ent,2025-12-26,,ACT
SUB_30449,CUST_2449,p_pro,2025-09-03,,ACT
SUB_30450,CUST_2450,P_PRO ,2025-05-17,,ACT
SUB_30451,CUST_2451,p_ent,2025-10-19,,ACT
SUB_30452,CUST_2452,P_PRO ,2025-08-29,,active
SUB_30453,CUST_2453,p_pro,2025-06-02,2025-11-20,canceled
SUB_30454,CUST_2454,p_pro,2025-10-04,,active
SUB_30455,CUST_2455,p_ent,2025-05-20,2025-12-05,canceled
SUB_30456,CUST_2456,p_pro,2025-07-06,,ACT
SUB_30457,CUST_2457,p_basic,2025-09-20,,active_plan
SUB_30458,CUST_2458,p_pro,2025-08-04,2026-03-13,cancelled
SUB_30459,CUST_2459,p_pro,2025-10-14,,active_plan
SUB_30460,CUST_2460,P_PRO ,2025-02-09,,active
SUB_30461,CUST_2461,p_pro,2025-06-19,2025-09-02,churned
SUB_30462,CUST_2462,p_ent,2025-10-01,,active
SUB_30463,CUST_2463,P_PRO ,2025-10-19,,active_plan
SUB_30464,CUST_2464,p_ent,2025-04-10,,ACT
SUB_30465,CUST_2465,p_basic,2025-05-19,,ACT
SUB_30466,CUST_2466,p_pro,2025-08-10,,ACT
SUB_30467,CUST_2467,P_PRO ,2025-03-10,,active
SUB_30468,CUST_2468,p_basic,2025-11-08,,ACT
SUB_30469,CUST_2469,p_pro,2025-11-10,2026-03-10,churned
SUB_30470,CUST_2470,p_basic,2025-07-09,,active
SUB_30471,CUST_2471,P_PRO ,2025-08-13,2025-12-23,canceled
SUB_30472,CUST_2472,p_basic,2025-04-27,2025-09-18,canceled
SUB_30473,CUST_2473,p_pro,2025-01-16,2025-02-18,cancelled
SUB_30474,CUST_2474,p_pro,2025-08-10,2025-11-01,cancelled
SUB_30475,CUST_2475,p_pro,2025-09-29,2025-10-30,churned
SUB_30476,CUST_2476,p_basic,2025-12-31,2026-04-12,churned
SUB_30477,CUST_2477,p_basic,2025-02-26,,ACT
SUB_30478,CUST_2478,p_basic,2025-01-06,,active
SUB_30479,CUST_2479,p_pro,2025-12-25,2026-03-12,churned
SUB_30480,CUST_2480,p_ent,2025-04-29,,ACT
SUB_30481,CUST_2481,P_PRO ,2025-03-22,2025-07-31,canceled
SUB_30482,CUST_2482,p_basic,2025-10-07,2026-03-10,churned
SUB_30483,CUST_2483,p_pro,2025-03-29,,ACT
SUB_30484,CUST_2484,p_basic,2025-02-06,,active
SUB_30485,CUST_2485,p_basic,2025-07-12,,ACT
SUB_30486,CUST_2486,p_ent,2025-02-26,,active
SUB_30487,CUST_2487,p_basic,2025-06-26,2026-02-11,churned
SUB_30488,CUST_2488,p_pro,2025-12-19,,ACT
SUB_30489,CUST_2489,p_basic,2025-10-21,,active_plan
SUB_30490,CUST_2490,p_ent,2025-08-30,2025-12-14,cancelled
SUB_30491,CUST_2491,p_ent,2025-01-02,,active
SUB_30492,CUST_2492,p_ent,2025-07-31,,active_plan
SUB_30493,CUST_2493,P_PRO ,2025-03-16,,active
SUB_30494,CUST_2494,P_PRO ,2025-04-16,,ACT
SUB_30495,CUST_2495,p_ent,2025-04-02,2025-06-13,churned
SUB_30496,CUST_2496,P_PRO ,2025-05-20,,ACT
SUB_30497,CUST_2497,p_basic,2025-07-07,,active_plan
SUB_30498,CUST_2498,p_basic,2025-04-09,,active_plan
SUB_30499,CUST_2499,p_ent,2025-02-14,,active_plan
SUB_30500,CUST_2500,P_PRO ,2025-07-26,,active_plan
SUB_30501,CUST_2501,p_ent,2025-11-25,2026-04-30,cancelled
SUB_30502,CUST_2502,P_PRO ,2025-07-31,2025-10-21,churned
SUB_30503,CUST_2503,p_pro,2025-01-13,2025-06-15,cancelled
SUB_30504,CUST_2504,P_PRO ,2025-08-06,2025-09-20,canceled
SUB_30505,CUST_2505,p_basic,2025-09-14,,ACT
SUB_30506,CUST_2506,p_basic,2025-12-14,2026-03-27,canceled
SUB_30507,CUST_2507,P_PRO ,2025-07-13,,active
SUB_30508,CUST_2508,P_PRO ,2025-05-16,2025-11-22,canceled
SUB_30509,CUST_2509,p_pro,2025-11-30,,active
SUB_30510,CUST_2510,p_ent,2025-08-08,,active_plan
SUB_30511,CUST_2511,p_basic,2025-02-20,2025-04-26,canceled
SUB_30512,CUST_2512,p_ent,2025-03-28,2025-10-10,cancelled
SUB_30513,CUST_2513,p_ent,2025-07-06,2026-01-14,canceled
SUB_30514,CUST_2514,p_ent,2025-10-08,,ACT
SUB_30515,CUST_2515,p_pro,2025-05-05,,active_plan
SUB_30516,CUST_2516,P_PRO ,2025-09-23,,active
SUB_30517,CUST_2517,p_pro,2025-11-19,,active
SUB_30518,CUST_2518,p_ent,2025-02-08,,active
SUB_30519,CUST_2519,p_pro,2025-03-30,2025-06-30,churned
SUB_30520,CUST_2520,p_pro,2025-05-10,2025-09-22,churned
SUB_30521,CUST_2521,p_basic,2025-09-13,,active_plan
SUB_30522,CUST_2522,p_pro,2025-04-28,,ACT
SUB_30523,CUST_2523,p_ent,2025-10-29,,ACT
SUB_30524,CUST_2524,p_pro,2025-11-24,2026-04-04,canceled
SUB_30525,CUST_2525,p_ent,2025-06-02,2025-12-22,canceled
SUB_30526,CUST_2526,p_pro,2025-09-25,,active_plan
SUB_30527,CUST_2527,P_PRO ,2025-11-24,,active
SUB_30528,CUST_2528,p_pro,2025-10-30,,ACT
SUB_30529,CUST_2529,P_PRO ,2025-02-25,,active
SUB_30530,CUST_2530,p_basic,2025-07-29,,active_plan
SUB_30531,CUST_2531,p_pro,2025-03-28,,ACT
SUB_30532,CUST_2532,p_ent,2025-03-10,2025-06-04,churned
SUB_30533,CUST_2533,p_basic,2025-08-24,2026-02-11,canceled
SUB_30534,CUST_2534,P_PRO ,2025-02-25,,active
SUB_30535,CUST_2535,p_pro,2025-12-31,2026-02-17,canceled
SUB_30536,CUST_2536,p_basic,2025-01-30,,active_plan
SUB_30537,CUST_2537,p_ent,2025-11-01,,active
SUB_30538,CUST_2538,p_ent,2025-07-01,,active_plan
SUB_30539,CUST_2539,p_basic,2025-01-04,2025-05-16,churned
SUB_30540,CUST_2540,p_ent,2025-05-21,,active
SUB_30541,CUST_2541,p_pro,2025-04-11,,active_plan
SUB_30542,CUST_2542,p_pro,2025-08-03,,active_plan
SUB_30543,CUST_2543,p_basic,2025-04-07,,ACT
SUB_30544,CUST_2544,p_pro,2025-04-25,,active
SUB_30545,CUST_2545,p_pro,2025-08-15,2025-12-17,churned
SUB_30546,CUST_2546,p_pro,2025-06-11,2025-07-21,canceled
SUB_30547,CUST_2547,p_pro,2025-10-07,,active
SUB_30548,CUST_2548,p_ent,2025-01-22,,ACT
SUB_30549,CUST_2549,p_basic,2025-12-17,,active_plan
SUB_30550,CUST_2550,P_PRO ,2025-02-18,,active
SUB_30551,CUST_2551,p_basic,2025-05-08,2025-12-30,canceled
SUB_30552,CUST_2552,p_ent,2025-03-01,,active_plan
SUB_30553,CUST_2553,P_PRO ,2025-02-01,2025-07-03,cancelled
SUB_30554,CUST_2554,p_ent,2025-05-22,,active_plan
SUB_30555,CUST_2555,p_pro,2025-06-27,2025-10-30,canceled
SUB_30556,CUST_2556,p_pro,2025-09-26,,active_plan
SUB_30557,CUST_2557,p_pro,2025-07-18,,active
SUB_30558,CUST_2558,P_PRO ,2025-12-11,,ACT
SUB_30559,CUST_2559,p_pro,2025-08-04,,active_plan
SUB_30560,CUST_2560,p_pro,2025-07-12,2025-09-07,canceled
SUB_30561,CUST_2561,P_PRO ,2025-03-21,,ACT
SUB_30562,CUST_2562,p_pro,2025-09-04,,active_plan
SUB_30563,CUST_2563,p_pro,2025-06-07,,ACT
SUB_30564,CUST_2564,p_pro,2025-06-30,,active_plan
SUB_30565,CUST_2565,p_pro,2025-07-20,2026-01-03,cancelled
SUB_30566,CUST_2566,p_pro,2025-02-06,2025-06-20,canceled
SUB_30567,CUST_2567,p_basic,2025-03-22,,active
SUB_30568,CUST_2568,p_ent,2025-03-24,,active
SUB_30569,CUST_2569,p_pro,2025-05-13,,active_plan
SUB_30570,CUST_2570,P_PRO ,2025-08-14,2025-09-20,canceled
SUB_30571,CUST_2571,p_pro,2025-09-24,2026-05-17,churned
SUB_30572,CUST_2572,p_basic,2025-11-27,,active_plan
SUB_30573,CUST_2573,p_basic,2025-05-09,,active_plan
SUB_30574,CUST_2574,p_pro,2025-07-10,,active
SUB_30575,CUST_2575,p_basic,2025-10-24,2026-05-18,canceled
SUB_30576,CUST_2576,p_basic,2025-06-09,,active
SUB_30577,CUST_2577,P_PRO ,2025-07-30,,ACT
SUB_30578,CUST_2578,p_pro,2025-06-04,,ACT
SUB_30579,CUST_2579,P_PRO ,2025-10-24,,active_plan
SUB_30580,CUST_2580,P_PRO ,2025-05-31,2025-11-02,churned
SUB_30581,CUST_2581,p_basic,2025-07-31,2026-03-03,cancelled
SUB_30582,CUST_2582,p_ent,2025-11-01,,ACT
SUB_30583,CUST_2583,P_PRO ,2025-12-12,,active
SUB_30584,CUST_2584,p_ent,2025-06-14,,active
SUB_30585,CUST_2585,p_ent,2025-04-30,2025-09-09,churned
SUB_30586,CUST_2586,p_basic,2025-08-11,2025-07-28,cancelled
SUB_30587,CUST_2587,p_basic,2025-10-10,,ACT
SUB_30588,CUST_2588,p_basic,2025-05-21,,ACT
SUB_30589,CUST_2589,p_pro,2025-03-19,,active
SUB_30590,CUST_2590,p_basic,2025-08-04,,active
SUB_30591,CUST_2591,p_basic,2025-03-15,2025-04-29,cancelled
SUB_30592,CUST_2592,p_ent,2025-10-04,,active
SUB_30593,CUST_2593,p_ent,2025-07-05,,ACT
SUB_30594,CUST_2594,p_pro,2025-11-15,,active_plan
SUB_30595,CUST_2595,P_PRO ,2025-08-15,2026-01-01,cancelled
SUB_30596,CUST_2596,p_basic,2025-04-23,2025-10-19,canceled
SUB_30597,CUST_2597,p_basic,2025-01-10,,active_plan
SUB_30598,CUST_2598,p_pro,2025-05-12,,active_plan
SUB_30599,CUST_2599,p_ent,2025-01-27,,active
SUB_30600,CUST_2600,p_pro,2025-08-30,2025-10-05,cancelled
SUB_30601,CUST_2601,p_ent,2025-08-20,2025-10-19,churned
SUB_30602,CUST_2602,p_pro,2025-04-09,,active
SUB_30603,CUST_2603,p_pro,2025-10-21,,active_plan
SUB_30604,CUST_2604,p_pro,2025-11-17,,ACT
SUB_30605,CUST_2605,P_PRO ,2025-04-15,,ACT
SUB_30606,CUST_2606,P_PRO ,2025-04-23,,active_plan
SUB_30607,CUST_2607,P_PRO ,2025-07-24,,ACT
SUB_30608,CUST_2608,p_basic,2025-03-21,2025-07-05,churned
SUB_30609,CUST_2609,P_PRO ,2025-02-27,,active_plan
SUB_30610,CUST_2610,p_ent,2025-07-26,,ACT
SUB_30611,CUST_2611,P_PRO ,2025-07-31,2025-09-10,cancelled
SUB_30612,CUST_2612,P_PRO ,2025-03-03,,ACT
SUB_30613,CUST_2613,p_ent,2025-11-21,2025-11-05,cancelled
SUB_30614,CUST_2614,P_PRO ,2025-07-28,2025-10-16,cancelled
SUB_30615,CUST_2615,P_PRO ,2025-06-27,,active
SUB_30616,CUST_2616,p_pro,2025-12-03,2026-02-07,cancelled
SUB_30617,CUST_2617,p_pro,2025-05-25,,ACT
SUB_30618,CUST_2618,p_ent,2025-08-19,,ACT
SUB_30619,CUST_2619,p_ent,2025-08-01,,active_plan
SUB_30620,CUST_2620,p_pro,2025-09-21,,ACT
SUB_30621,CUST_2621,p_basic,2025-06-29,2026-01-14,canceled
SUB_30622,CUST_2622,p_pro,2025-09-05,,ACT
SUB_30623,CUST_2623,P_PRO ,2025-09-05,,ACT
SUB_30624,CUST_2624,p_pro,2025-07-15,2026-03-10,cancelled
SUB_30625,CUST_2625,p_pro,2025-02-23,,active
SUB_30626,CUST_2626,p_basic,2025-09-16,,ACT
SUB_30627,CUST_2627,P_PRO ,2025-09-05,,active_plan
SUB_30628,CUST_2628,p_basic,2025-05-05,,active
SUB_30629,CUST_2629,p_basic,2025-06-04,,active
SUB_30630,CUST_2630,P_PRO ,2025-05-24,,active_plan
SUB_30631,CUST_2631,p_pro,2025-11-30,2026-03-24,cancelled
SUB_30632,CUST_2632,p_basic,2025-12-13,,ACT
SUB_30633,CUST_2633,P_PRO ,2025-06-09,,ACT
SUB_30634,CUST_2634,P_PRO ,2025-10-30,,ACT
SUB_30635,CUST_2635,p_ent,2025-05-27,,active
SUB_30636,CUST_2636,p_ent,2025-06-18,,active
SUB_30637,CUST_2637,p_basic,2025-11-21,2026-07-10,canceled
SUB_30638,CUST_2638,p_basic,2025-05-15,,active_plan
SUB_30639,CUST_2639,p_ent,2025-08-15,2025-12-15,churned
SUB_30640,CUST_2640,p_basic,2025-11-04,2026-03-16,canceled
SUB_30641,CUST_2641,p_ent,2025-04-07,2025-08-02,churned
SUB_30642,CUST_2642,P_PRO ,2025-06-20,,active
SUB_30643,CUST_2643,P_PRO ,2025-04-12,,active
SUB_30644,CUST_2644,p_pro,2025-08-10,,ACT
SUB_30645,CUST_2645,P_PRO ,2025-05-04,,active_plan
SUB_30646,CUST_2646,p_basic,2025-06-03,,active
SUB_30647,CUST_2647,p_basic,2025-09-23,,active
SUB_30648,CUST_2648,p_basic,2025-08-07,,active_plan
SUB_30649,CUST_2649,P_PRO ,2025-10-08,2026-05-03,canceled
SUB_30650,CUST_2650,P_PRO ,2025-03-24,2025-09-07,canceled
SUB_30651,CUST_2651,P_PRO ,2025-04-25,,ACT
SUB_30652,CUST_2652,p_pro,2025-08-21,,active_plan
SUB_30653,CUST_2653,p_pro,2025-06-28,,active
SUB_30654,CUST_2654,p_pro,2025-02-11,,ACT
SUB_30655,CUST_2655,p_basic,2025-08-13,2025-11-27,churned
SUB_30656,CUST_2656,P_PRO ,2025-12-20,2026-01-19,churned
SUB_30657,CUST_2657,p_basic,2025-12-27,,active_plan
SUB_30658,CUST_2658,P_PRO ,2025-07-01,,ACT
SUB_30659,CUST_2659,p_ent,2025-01-10,,active_plan
SUB_30660,CUST_2660,p_basic,2025-10-10,2026-01-31,churned
SUB_30661,CUST_2661,p_pro,2025-03-14,,ACT
SUB_30662,CUST_2662,p_ent,2025-11-11,2026-02-13,churned
SUB_30663,CUST_2663,p_ent,2025-09-19,,active
SUB_30664,CUST_2664,P_PRO ,2025-06-10,,active
SUB_30665,CUST_2665,p_ent,2025-02-18,,active_plan
SUB_30666,CUST_2666,p_pro,2025-03-09,2025-05-02,canceled
SUB_30667,CUST_2667,p_basic,2025-08-19,,active
SUB_30668,CUST_2668,p_pro,2025-11-16,2026-02-12,churned
SUB_30669,CUST_2669,p_pro,2025-07-14,,ACT
SUB_30670,CUST_2670,P_PRO ,2025-09-08,,ACT
SUB_30671,CUST_2671,P_PRO ,2025-12-17,,ACT
SUB_30672,CUST_2672,p_pro,2025-01-16,,active_plan
SUB_30673,CUST_2673,p_pro,2025-10-11,,ACT
SUB_30674,CUST_2674,p_ent,2025-12-12,2026-02-01,churned
SUB_30675,CUST_2675,p_pro,2025-12-09,2026-02-13,cancelled
SUB_30676,CUST_2676,p_ent,2025-11-19,2026-05-11,cancelled
SUB_30677,CUST_2677,p_ent,2025-02-09,2025-05-19,churned
SUB_30678,CUST_2678,p_ent,2025-03-10,2025-02-25,cancelled
SUB_30679,CUST_2679,P_PRO ,2025-03-17,2025-10-28,cancelled
SUB_30680,CUST_2680,p_ent,2025-11-06,,active
SUB_30681,CUST_2681,p_ent,2025-04-03,,active
SUB_30682,CUST_2682,p_pro,2025-05-26,2025-06-26,cancelled
SUB_30683,CUST_2683,p_pro,2025-08-08,,ACT
SUB_30684,CUST_2684,p_basic,2025-03-12,,active_plan
SUB_30685,CUST_2685,p_ent,2025-12-20,,active_plan
SUB_30686,CUST_2686,P_PRO ,2025-06-16,,ACT
SUB_30687,CUST_2687,P_PRO ,2025-07-13,,active
SUB_30688,CUST_2688,p_pro,2025-10-13,,ACT
SUB_30689,CUST_2689,p_basic,2025-02-06,,active_plan
SUB_30690,CUST_2690,P_PRO ,2025-08-13,2026-01-09,cancelled
SUB_30691,CUST_2691,p_basic,2025-05-28,,active
SUB_30692,CUST_2692,P_PRO ,2025-09-19,,active_plan
SUB_30693,CUST_2693,p_ent,2025-09-30,2026-01-16,cancelled
SUB_30694,CUST_2694,p_basic,2025-01-23,2025-07-09,cancelled
SUB_30695,CUST_2695,p_basic,2025-10-22,,active_plan
SUB_30696,CUST_2696,p_basic,2025-02-09,2025-09-03,cancelled
SUB_30697,CUST_2697,p_ent,2025-08-17,,ACT
SUB_30698,CUST_2698,p_ent,2025-06-08,2025-09-04,cancelled
SUB_30699,CUST_2699,p_pro,2025-07-04,,active_plan
SUB_30700,CUST_2700,P_PRO ,2025-02-25,2025-05-10,cancelled
SUB_30701,CUST_2701,p_basic,2025-07-16,,active
SUB_30702,CUST_2702,p_ent,2025-08-17,2026-01-28,cancelled
SUB_30703,CUST_2703,p_pro,2025-07-10,,active_plan
SUB_30704,CUST_2704,p_ent,2025-01-30,2025-07-20,churned
SUB_30705,CUST_2705,p_pro,2025-10-08,2026-06-01,churned
SUB_30706,CUST_2706,P_PRO ,2025-07-22,2025-09-29,churned
SUB_30707,CUST_2707,p_pro,2025-05-04,,active_plan
SUB_30708,CUST_2708,p_pro,2025-07-30,,active
SUB_30709,CUST_2709,P_PRO ,2025-02-25,2025-04-30,churned
SUB_30710,CUST_2710,P_PRO ,2025-03-06,,ACT
SUB_30711,CUST_2711,p_ent,2025-12-18,,active_plan
SUB_30712,CUST_2712,p_basic,2025-10-17,,active_plan
SUB_30713,CUST_2713,p_ent,2025-10-07,,active_plan
SUB_30714,CUST_2714,p_ent,2025-06-03,,active
SUB_30715,CUST_2715,p_pro,2025-06-20,2025-08-09,canceled
SUB_30716,CUST_2716,p_ent,2025-08-13,2025-11-17,cancelled
SUB_30717,CUST_2717,p_basic,2025-10-08,,ACT
SUB_30718,CUST_2718,p_ent,2025-07-16,,ACT
SUB_30719,CUST_2719,P_PRO ,2025-04-28,,ACT
SUB_30720,CUST_2720,p_basic,2025-11-04,,active
SUB_30721,CUST_2721,p_pro,2025-04-26,,active
SUB_30722,CUST_2722,p_ent,2025-04-08,2025-08-17,cancelled
SUB_30723,CUST_2723,p_pro,2025-08-06,,ACT
SUB_30724,CUST_2724,p_ent,2025-11-22,,active
SUB_30725,CUST_2725,p_ent,2025-01-20,2025-03-27,cancelled
SUB_30726,CUST_2726,p_pro,2025-11-23,2026-02-19,canceled
SUB_30727,CUST_2727,P_PRO ,2025-09-21,,ACT
SUB_30728,CUST_2728,P_PRO ,2025-07-06,2026-02-06,churned
SUB_30729,CUST_2729,p_basic,2025-11-23,2026-07-13,churned
SUB_30730,CUST_2730,p_pro,2025-10-30,2026-04-10,churned
SUB_30731,CUST_2731,p_ent,2025-12-06,,active_plan
SUB_30732,CUST_2732,p_ent,2025-06-06,,active_plan
SUB_30733,CUST_2733,P_PRO ,2025-12-31,2026-03-07,churned
SUB_30734,CUST_2734,P_PRO ,2025-02-13,,active_plan
SUB_30735,CUST_2735,p_pro,2025-03-26,,active
SUB_30736,CUST_2736,p_basic,2025-06-07,,active_plan
SUB_30737,CUST_2737,p_basic,2025-01-17,,active
SUB_30738,CUST_2738,P_PRO ,2025-03-19,,ACT
SUB_30739,CUST_2739,p_ent,2025-04-26,,active
SUB_30740,CUST_2740,p_ent,2025-07-28,,active_plan
SUB_30741,CUST_2741,p_pro,2025-06-29,,active_plan
SUB_30742,CUST_2742,p_basic,2025-03-12,,ACT
SUB_30743,CUST_2743,P_PRO ,2025-04-06,,active
SUB_30744,CUST_2744,P_PRO ,2025-08-20,,active
SUB_30745,CUST_2745,p_ent,2025-12-29,,active_plan
SUB_30746,CUST_2746,p_ent,2025-03-03,,active_plan
SUB_30747,CUST_2747,p_pro,2025-12-11,,ACT
SUB_30748,CUST_2748,p_pro,2025-07-25,2025-12-08,churned
SUB_30749,CUST_2749,p_pro,2025-03-15,2025-08-28,canceled
SUB_30750,CUST_2750,P_PRO ,2025-10-17,2026-05-20,canceled
SUB_30751,CUST_2751,P_PRO ,2025-10-17,,active_plan
SUB_30752,CUST_2752,p_basic,2025-08-14,,active_plan
SUB_30753,CUST_2753,p_pro,2025-08-07,,ACT
SUB_30754,CUST_2754,p_pro,2025-09-26,,active
SUB_30755,CUST_2755,P_PRO ,2025-10-07,,active
SUB_30756,CUST_2756,p_basic,2025-10-19,,ACT
SUB_30757,CUST_2757,P_PRO ,2025-12-24,,active
SUB_30758,CUST_2758,p_ent,2025-02-04,,ACT
SUB_30759,CUST_2759,P_PRO ,2025-02-11,,active
SUB_30760,CUST_2760,p_basic,2025-07-02,,active_plan
SUB_30761,CUST_2761,p_basic,2025-06-30,,active_plan
SUB_30762,CUST_2762,p_pro,2025-04-15,2025-09-16,cancelled
SUB_30763,CUST_2763,p_pro,2025-10-15,2026-01-22,churned
SUB_30764,CUST_2764,p_basic,2025-03-29,,ACT
SUB_30765,CUST_2765,P_PRO ,2025-08-30,2026-01-30,churned
SUB_30766,CUST_2766,p_basic,2025-05-13,,active_plan
SUB_30767,CUST_2767,P_PRO ,2025-06-17,,active
SUB_30768,CUST_2768,p_pro,2025-03-10,2025-06-26,canceled
SUB_30769,CUST_2769,p_basic,2025-10-09,,ACT
SUB_30770,CUST_2770,P_PRO ,2025-08-03,,active
SUB_30771,CUST_2771,p_basic,2025-12-13,,active
SUB_30772,CUST_2772,p_pro,2025-07-06,,ACT
SUB_30773,CUST_2773,p_basic,2025-03-20,,active_plan
SUB_30774,CUST_2774,p_pro,2025-03-23,2025-11-05,cancelled
SUB_30775,CUST_2775,P_PRO ,2025-02-21,2025-05-24,canceled
SUB_30776,CUST_2776,P_PRO ,2025-04-21,,active
SUB_30777,CUST_2777,p_pro,2025-10-14,,active_plan
SUB_30778,CUST_2778,p_pro,2025-01-03,2024-12-16,cancelled
SUB_30779,CUST_2779,p_pro,2025-03-05,2025-07-20,cancelled
SUB_30780,CUST_2780,p_pro,2025-08-07,,active_plan
SUB_30781,CUST_2781,p_pro,2025-12-21,,active
SUB_30782,CUST_2782,p_basic,2025-08-10,2025-07-21,canceled
SUB_30783,CUST_2783,p_basic,2025-02-17,,active_plan
SUB_30784,CUST_2784,p_ent,2025-03-26,2025-11-21,canceled
SUB_30785,CUST_2785,p_pro,2025-10-13,,ACT
SUB_30786,CUST_2786,p_basic,2025-10-28,2026-05-31,churned
SUB_30787,CUST_2787,P_PRO ,2025-02-09,,active_plan
SUB_30788,CUST_2788,p_basic,2025-07-30,,ACT
SUB_30789,CUST_2789,p_pro,2025-06-15,,active
SUB_30790,CUST_2790,p_basic,2025-04-16,2025-12-08,canceled
SUB_30791,CUST_2791,p_pro,2025-08-07,2025-10-28,canceled
SUB_30792,CUST_2792,p_ent,2025-01-13,2025-05-12,canceled
SUB_30793,CUST_2793,p_basic,2025-04-21,2025-06-20,canceled
SUB_30794,CUST_2794,p_pro,2025-08-09,,active_plan
SUB_30795,CUST_2795,p_pro,2025-05-29,,active
SUB_30796,CUST_2796,p_pro,2025-02-24,2025-04-09,cancelled
SUB_30797,CUST_2797,P_PRO ,2025-03-20,,active
SUB_30798,CUST_2798,p_pro,2025-07-12,,active
SUB_30799,CUST_2799,p_basic,2025-01-11,,active_plan
SUB_30800,CUST_2800,P_PRO ,2025-02-09,,active_plan
SUB_30801,CUST_2801,p_pro,2025-05-14,,ACT
SUB_30802,CUST_2802,p_pro,2025-06-20,2026-01-10,churned
SUB_30803,CUST_2803,P_PRO ,2025-11-25,,active_plan
SUB_30804,CUST_2804,P_PRO ,2025-09-12,,active_plan
SUB_30805,CUST_2805,p_ent,2025-11-15,,ACT
SUB_30806,CUST_2806,p_basic,2025-08-27,,active
SUB_30807,CUST_2807,p_basic,2025-02-17,,active
SUB_30808,CUST_2808,p_pro,2025-07-17,,active
SUB_30809,CUST_2809,P_PRO ,2025-01-26,,active
SUB_30810,CUST_2810,p_ent,2025-01-31,,active_plan
SUB_30811,CUST_2811,p_basic,2025-12-12,2026-05-30,churned
SUB_30812,CUST_2812,P_PRO ,2025-12-23,,active
SUB_30813,CUST_2813,p_ent,2025-08-16,,active_plan
SUB_30814,CUST_2814,P_PRO ,2025-10-21,,active
SUB_30815,CUST_2815,p_basic,2025-03-01,,active
SUB_30816,CUST_2816,p_ent,2025-08-12,2026-03-04,cancelled
SUB_30817,CUST_2817,p_ent,2025-08-01,,ACT
SUB_30818,CUST_2818,P_PRO ,2025-03-11,,ACT
SUB_30819,CUST_2819,p_pro,2025-12-10,,active
SUB_30820,CUST_2820,P_PRO ,2025-04-26,,active
SUB_30821,CUST_2821,p_ent,2025-07-07,,active_plan
SUB_30822,CUST_2822,p_pro,2025-05-24,,active
SUB_30823,CUST_2823,p_ent,2025-06-06,,ACT
SUB_30824,CUST_2824,P_PRO ,2025-07-29,,active
SUB_30825,CUST_2825,P_PRO ,2025-07-25,2025-11-05,cancelled
SUB_30826,CUST_2826,p_pro,2025-06-08,,active_plan
SUB_30827,CUST_2827,p_ent,2025-12-10,,active_plan
SUB_30828,CUST_2828,p_ent,2025-08-19,,active_plan
SUB_30829,CUST_2829,p_ent,2025-12-12,,active_plan
SUB_30830,CUST_2830,P_PRO ,2025-04-27,,ACT
SUB_30831,CUST_2831,p_pro,2025-01-15,,active_plan
SUB_30832,CUST_2832,p_ent,2025-11-04,,ACT
SUB_30833,CUST_2833,P_PRO ,2025-05-09,2025-07-15,canceled
SUB_30834,CUST_2834,P_PRO ,2025-04-21,,active
SUB_30835,CUST_2835,P_PRO ,2025-12-05,2026-06-02,cancelled
SUB_30836,CUST_2836,p_pro,2025-12-06,2026-01-05,cancelled
SUB_30837,CUST_2837,p_pro,2025-05-19,,ACT
SUB_30838,CUST_2838,p_pro,2025-06-24,,active_plan
SUB_30839,CUST_2839,p_pro,2025-01-31,,ACT
SUB_30840,CUST_2840,p_pro,2025-07-08,2025-10-15,cancelled
SUB_30841,CUST_2841,p_basic,2025-01-31,,active
SUB_30842,CUST_2842,p_basic,2025-01-06,,active_plan
SUB_30843,CUST_2843,p_pro,2025-06-27,,active_plan
SUB_30844,CUST_2844,p_pro,2025-06-04,2026-01-14,churned
SUB_30845,CUST_2845,P_PRO ,2025-08-31,2026-01-10,churned
SUB_30846,CUST_2846,p_pro,2025-10-31,,active_plan
SUB_30847,CUST_2847,P_PRO ,2025-01-30,,ACT
SUB_30848,CUST_2848,p_pro,2025-02-09,,active_plan
SUB_30849,CUST_2849,P_PRO ,2025-10-04,,active_plan
SUB_30850,CUST_2850,p_pro,2025-02-02,,active_plan
SUB_30851,CUST_2851,p_pro,2025-05-16,2025-07-24,canceled
SUB_30852,CUST_2852,p_pro,2025-06-17,2026-01-09,cancelled
SUB_30853,CUST_2853,p_pro,2025-09-05,,active
SUB_30854,CUST_2854,p_basic,2025-01-08,,active
SUB_30855,CUST_2855,P_PRO ,2025-12-22,,active
SUB_30856,CUST_2856,P_PRO ,2025-11-17,,active_plan
SUB_30857,CUST_2857,p_basic,2025-08-30,,active_plan
SUB_30858,CUST_2858,p_basic,2025-05-24,2025-05-15,canceled
SUB_30859,CUST_2859,p_ent,2025-08-30,2026-03-13,cancelled
SUB_30860,CUST_2860,p_ent,2025-11-27,2026-02-12,churned
SUB_30861,CUST_2861,P_PRO ,2025-01-04,2025-02-10,canceled
SUB_30862,CUST_2862,p_ent,2025-08-31,,ACT
SUB_30863,CUST_2863,P_PRO ,2025-01-07,,ACT
SUB_30864,CUST_2864,P_PRO ,2025-08-18,,active_plan
SUB_30865,CUST_2865,p_ent,2025-08-22,,active_plan
SUB_30866,CUST_2866,p_ent,2025-02-23,,ACT
SUB_30867,CUST_2867,p_pro,2025-10-28,,active_plan
SUB_30868,CUST_2868,p_ent,2025-09-25,,ACT
SUB_30869,CUST_2869,P_PRO ,2025-11-14,,active_plan
SUB_30870,CUST_2870,p_ent,2025-06-27,2025-10-05,canceled
SUB_30871,CUST_2871,P_PRO ,2025-07-11,,ACT
SUB_30872,CUST_2872,p_ent,2025-03-30,,active_plan
SUB_30873,CUST_2873,P_PRO ,2025-01-19,,active_plan
SUB_30874,CUST_2874,p_basic,2025-02-24,,active_plan
SUB_30875,CUST_2875,P_PRO ,2025-04-18,,active_plan
SUB_30876,CUST_2876,p_basic,2025-02-25,,active_plan
SUB_30877,CUST_2877,P_PRO ,2025-07-06,,active
SUB_30878,CUST_2878,p_pro,2025-07-02,,ACT
SUB_30879,CUST_2879,p_basic,2025-08-14,,active_plan
SUB_30880,CUST_2880,p_ent,2025-01-08,2025-03-22,cancelled
SUB_30881,CUST_2881,p_pro,2025-11-27,2026-01-22,churned
SUB_30882,CUST_2882,p_pro,2025-10-18,2026-06-05,canceled
SUB_30883,CUST_2883,p_basic,2025-04-27,2025-10-16,canceled
SUB_30884,CUST_2884,p_ent,2025-01-14,,ACT
SUB_30885,CUST_2885,p_pro,2025-05-30,,ACT
SUB_30886,CUST_2886,P_PRO ,2025-03-13,,ACT
SUB_30887,CUST_2887,p_pro,2025-12-23,,active
SUB_30888,CUST_2888,P_PRO ,2025-09-22,,active
SUB_30889,CUST_2889,p_basic,2025-02-23,,ACT
SUB_30890,CUST_2890,P_PRO ,2025-09-12,,active_plan
SUB_30891,CUST_2891,p_pro,2025-06-22,,active_plan
SUB_30892,CUST_2892,p_ent,2025-02-15,,active_plan
SUB_30893,CUST_2893,p_basic,2025-09-26,2026-05-06,churned
SUB_30894,CUST_2894,p_pro,2025-04-17,,active
SUB_30895,CUST_2895,p_pro,2025-02-10,,ACT
SUB_30896,CUST_2896,p_pro,2025-01-16,2025-03-20,canceled
SUB_30897,CUST_2897,p_basic,2025-12-02,,ACT
SUB_30898,CUST_2898,P_PRO ,2025-03-18,,ACT
SUB_30899,CUST_2899,p_ent,2025-06-10,,ACT
SUB_30900,CUST_2900,p_pro,2025-06-14,,ACT
SUB_30901,CUST_2901,p_pro,2025-12-24,2026-03-01,canceled
SUB_30902,CUST_2902,p_pro,2025-08-09,2025-09-19,canceled
SUB_30903,CUST_2903,p_pro,2025-08-31,,ACT
SUB_30904,CUST_2904,P_PRO ,2025-11-20,,active_plan
SUB_30905,CUST_2905,p_pro,2025-12-10,2026-04-24,churned
SUB_30906,CUST_2906,p_pro,2025-08-29,,ACT
SUB_30907,CUST_2907,p_pro,2025-06-02,,active_plan
SUB_30908,CUST_2908,p_ent,2025-07-16,2025-08-16,churned
SUB_30909,CUST_2909,p_ent,2025-11-13,2026-01-18,canceled
SUB_30910,CUST_2910,p_basic,2025-09-19,,ACT
SUB_30911,CUST_2911,P_PRO ,2025-06-12,,ACT
SUB_30912,CUST_2912,P_PRO ,2025-05-23,2025-12-30,cancelled
SUB_30913,CUST_2913,P_PRO ,2025-03-03,,active
SUB_30914,CUST_2914,p_ent,2025-10-22,,active_plan
SUB_30915,CUST_2915,P_PRO ,2025-04-18,,ACT
SUB_30916,CUST_2916,p_pro,2025-09-17,,active
SUB_30917,CUST_2917,P_PRO ,2025-10-06,,ACT
SUB_30918,CUST_2918,p_basic,2025-01-27,,active_plan
SUB_30919,CUST_2919,p_basic,2025-01-01,2025-07-05,canceled
SUB_30920,CUST_2920,p_ent,2025-01-18,,active
SUB_30921,CUST_2921,P_PRO ,2025-07-30,,active
SUB_30922,CUST_2922,p_pro,2025-06-30,,ACT
SUB_30923,CUST_2923,p_ent,2025-01-05,,active_plan
SUB_30924,CUST_2924,p_pro,2025-01-17,,ACT
SUB_30925,CUST_2925,p_pro,2025-02-10,,active_plan
SUB_30926,CUST_2926,P_PRO ,2025-01-24,,active_plan
SUB_30927,CUST_2927,P_PRO ,2025-11-04,,active
SUB_30928,CUST_2928,p_pro,2025-12-11,2026-03-20,churned
SUB_30929,CUST_2929,p_basic,2025-10-19,,active_plan
SUB_30930,CUST_2930,p_basic,2025-08-11,2026-03-25,canceled
SUB_30931,CUST_2931,p_basic,2025-09-22,,active_plan
SUB_30932,CUST_2932,p_ent,2025-12-23,,active_plan
SUB_30933,CUST_2933,p_ent,2025-03-16,,ACT
SUB_30934,CUST_2934,p_pro,2025-01-24,2025-09-06,cancelled
SUB_30935,CUST_2935,p_ent,2025-01-19,,active
SUB_30936,CUST_2936,p_basic,2025-01-18,,ACT
SUB_30937,CUST_2937,p_basic,2025-12-12,2026-03-24,cancelled
SUB_30938,CUST_2938,p_ent,2025-08-06,2025-09-28,canceled
SUB_30939,CUST_2939,p_ent,2025-04-18,,active_plan
SUB_30940,CUST_2940,p_pro,2025-01-25,,ACT
SUB_30941,CUST_2941,P_PRO ,2025-09-19,,active
SUB_30942,CUST_2942,P_PRO ,2025-05-01,,active_plan
SUB_30943,CUST_2943,p_ent,2025-09-06,,active_plan
SUB_30944,CUST_2944,p_ent,2025-01-10,2025-09-04,canceled
SUB_30945,CUST_2945,p_pro,2025-01-29,,active
SUB_30946,CUST_2946,p_ent,2025-06-25,2025-10-21,canceled
SUB_30947,CUST_2947,p_ent,2025-09-22,,active_plan
SUB_30948,CUST_2948,p_basic,2025-08-24,2025-11-06,cancelled
SUB_30949,CUST_2949,p_ent,2025-09-02,,active_plan
SUB_30950,CUST_2950,p_ent,2025-09-23,,active_plan
SUB_30951,CUST_2951,p_basic,2025-11-06,2025-12-09,churned
SUB_30952,CUST_2952,P_PRO ,2025-11-08,,ACT
SUB_30953,CUST_2953,p_basic,2025-02-17,,active
SUB_30954,CUST_2954,p_pro,2025-10-08,2026-05-29,churned
SUB_30955,CUST_2955,P_PRO ,2025-05-08,,active
SUB_30956,CUST_2956,p_basic,2025-06-26,,ACT
SUB_30957,CUST_2957,p_basic,2025-02-20,2025-07-16,churned
SUB_30958,CUST_2958,p_ent,2025-03-21,2025-11-03,churned
SUB_30959,CUST_2959,p_basic,2025-08-02,,active
SUB_30960,CUST_2960,p_pro,2025-03-19,,active
SUB_30961,CUST_2961,P_PRO ,2025-08-09,,active
SUB_30962,CUST_2962,p_basic,2025-12-08,2026-01-26,canceled
SUB_30963,CUST_2963,p_basic,2025-07-26,,active
SUB_30964,CUST_2964,p_pro,2025-07-01,,ACT
SUB_30965,CUST_2965,p_ent,2025-04-01,,active_plan
SUB_30966,CUST_2966,p_pro,2025-02-06,,active_plan
SUB_30967,CUST_2967,p_pro,2025-05-22,,ACT
SUB_30968,CUST_2968,p_basic,2025-12-01,2026-03-27,canceled
SUB_30969,CUST_2969,p_ent,2025-09-17,2025-09-07,canceled
SUB_30970,CUST_2970,p_basic,2025-07-05,2026-02-16,cancelled
SUB_30971,CUST_2971,p_basic,2025-12-29,,active_plan
SUB_30972,CUST_2972,p_ent,2025-01-15,,active
SUB_30973,CUST_2973,p_ent,2025-01-18,,ACT
SUB_30974,CUST_2974,P_PRO ,2025-09-02,,active
SUB_30975,CUST_2975,p_pro,2025-03-19,,active_plan
SUB_30976,CUST_2976,p_ent,2025-09-28,2026-05-23,churned
SUB_30977,CUST_2977,p_ent,2025-12-06,,active
SUB_30978,CUST_2978,P_PRO ,2025-07-21,,active_plan
SUB_30979,CUST_2979,p_ent,2025-07-09,2025-08-24,cancelled
SUB_30980,CUST_2980,p_pro,2025-02-14,,active_plan
SUB_30981,CUST_2981,p_pro,2025-05-08,2025-09-13,cancelled
SUB_30982,CUST_2982,p_pro,2025-05-18,,active
SUB_30983,CUST_2983,p_basic,2025-12-02,,ACT
SUB_30984,CUST_2984,p_pro,2025-08-14,,ACT
SUB_30985,CUST_2985,p_pro,2025-01-07,2025-03-22,canceled
SUB_30986,CUST_2986,p_ent,2025-04-25,,active
SUB_30987,CUST_2987,P_PRO ,2025-11-05,,active_plan
SUB_30988,CUST_2988,p_ent,2025-09-26,2025-09-14,canceled
SUB_30989,CUST_2989,p_ent,2025-11-24,,active
SUB_30990,CUST_2990,p_ent,2025-08-08,2026-01-31,churned
SUB_30991,CUST_2991,p_pro,2025-05-28,,ACT
SUB_30992,CUST_2992,p_ent,2025-06-25,,active_plan
SUB_30993,CUST_2993,p_basic,2025-08-24,,ACT
SUB_30994,CUST_2994,p_basic,2025-08-11,,active_plan
SUB_30995,CUST_2995,p_ent,2025-01-06,,active_plan
SUB_30996,CUST_2996,p_pro,2025-01-06,2025-07-17,canceled
SUB_30997,CUST_2997,P_PRO ,2025-10-29,,ACT
SUB_30998,CUST_2998,p_ent,2025-02-12,,active_plan
SUB_30999,CUST_2999,P_PRO ,2025-01-07,2025-08-18,canceled
SUB_31000,CUST_3000,p_basic,2025-07-26,,ACT
SUB_31001,CUST_3001,P_PRO ,2025-10-05,,ACT
SUB_31002,CUST_3002,p_basic,2025-04-16,,active_plan
SUB_31003,CUST_3003,P_PRO ,2025-12-07,2026-03-18,canceled
SUB_31004,CUST_3004,P_PRO ,2025-08-15,,ACT
SUB_31005,CUST_3005,p_ent,2025-10-25,,ACT
SUB_31006,CUST_3006,P_PRO ,2025-09-15,2025-12-01,cancelled
SUB_31007,CUST_3007,p_pro,2025-09-05,,active_plan
SUB_31008,CUST_3008,p_pro,2025-04-27,,ACT
SUB_31009,CUST_3009,p_ent,2025-05-09,,active
SUB_31010,CUST_3010,p_ent,2025-09-04,,active
SUB_31011,CUST_3011,p_ent,2025-07-15,,active
SUB_31012,CUST_3012,p_ent,2025-11-19,,active_plan
SUB_31013,CUST_3013,P_PRO ,2025-07-14,,ACT
SUB_31014,CUST_3014,p_basic,2025-12-29,,active_plan
SUB_31015,CUST_3015,p_basic,2025-08-17,,ACT
SUB_31016,CUST_3016,p_pro,2025-11-27,,active_plan
SUB_31017,CUST_3017,p_pro,2025-05-04,2025-12-02,cancelled
SUB_31018,CUST_3018,p_ent,2025-11-22,,ACT
SUB_31019,CUST_3019,p_basic,2025-08-13,,active
SUB_31020,CUST_3020,p_pro,2025-11-03,2025-12-25,churned
SUB_31021,CUST_3021,p_basic,2025-01-12,2025-05-31,canceled
SUB_31022,CUST_3022,p_ent,2025-03-01,,active_plan
SUB_31023,CUST_3023,p_ent,2025-09-18,,active_plan
SUB_31024,CUST_3024,p_ent,2025-05-10,2025-10-21,canceled
SUB_31025,CUST_3025,p_basic,2025-09-26,,ACT
SUB_31026,CUST_3026,p_ent,2025-10-20,2026-05-12,churned
SUB_31027,CUST_3027,p_ent,2025-07-26,,active
SUB_31028,CUST_3028,p_ent,2025-12-07,,active_plan
SUB_31029,CUST_3029,p_basic,2025-08-05,,active_plan
SUB_31030,CUST_3030,p_pro,2025-08-02,,active
SUB_31031,CUST_3031,p_ent,2025-04-22,,active
SUB_31032,CUST_3032,p_pro,2025-04-02,,ACT
SUB_31033,CUST_3033,p_pro,2025-02-05,2025-03-16,churned
SUB_31034,CUST_3034,p_basic,2025-02-16,2025-07-27,churned
SUB_31035,CUST_3035,p_pro,2025-04-19,2025-07-14,canceled
SUB_31036,CUST_3036,p_basic,2025-01-05,,active
SUB_31037,CUST_3037,P_PRO ,2025-11-23,,active
SUB_31038,CUST_3038,p_basic,2025-05-05,2025-08-10,canceled
SUB_31039,CUST_3039,p_ent,2025-10-06,,active
SUB_31040,CUST_3040,p_ent,2025-06-14,2025-10-18,canceled
SUB_31041,CUST_3041,p_pro,2025-02-07,,ACT
SUB_31042,CUST_3042,p_ent,2025-02-15,2025-07-31,churned
SUB_31043,CUST_3043,p_pro,2025-08-25,,active_plan
SUB_31044,CUST_3044,p_basic,2025-12-12,,active
SUB_31045,CUST_3045,P_PRO ,2025-06-16,,active_plan
SUB_31046,CUST_3046,p_basic,2025-06-18,,active
SUB_31047,CUST_3047,p_ent,2025-01-24,2025-07-27,churned
SUB_31048,CUST_3048,p_basic,2025-07-06,,active
SUB_31049,CUST_3049,p_pro,2025-12-24,2026-02-07,canceled
SUB_31050,CUST_3050,p_ent,2025-05-29,,ACT
SUB_31051,CUST_3051,P_PRO ,2025-01-19,2025-05-08,canceled
SUB_31052,CUST_3052,p_ent,2025-06-11,,ACT
SUB_31053,CUST_3053,P_PRO ,2025-12-22,2026-05-02,cancelled
SUB_31054,CUST_3054,p_ent,2025-01-25,2025-06-09,canceled
SUB_31055,CUST_3055,p_basic,2025-07-22,,ACT
SUB_31056,CUST_3056,p_pro,2025-05-10,,active_plan
SUB_31057,CUST_3057,p_basic,2025-08-10,,active
SUB_31058,CUST_3058,p_pro,2025-05-10,2025-07-12,canceled
SUB_31059,CUST_3059,p_pro,2025-01-25,,active
SUB_31060,CUST_3060,p_basic,2025-09-19,,ACT
SUB_31061,CUST_3061,P_PRO ,2025-08-03,,active
SUB_31062,CUST_3062,p_ent,2025-10-13,,ACT
SUB_31063,CUST_3063,p_ent,2025-09-26,,ACT
SUB_31064,CUST_3064,p_ent,2025-02-03,,ACT
SUB_31065,CUST_3065,P_PRO ,2025-11-25,,ACT
SUB_31066,CUST_3066,p_ent,2025-09-12,,active_plan
SUB_31067,CUST_3067,p_pro,2025-10-04,,active
SUB_31068,CUST_3068,p_ent,2025-12-28,,active
SUB_31069,CUST_3069,P_PRO ,2025-07-02,,active
SUB_31070,CUST_3070,p_ent,2025-08-11,,ACT
SUB_31071,CUST_3071,p_basic,2025-11-27,,active_plan
SUB_31072,CUST_3072,p_ent,2025-12-31,,active_plan
SUB_31073,CUST_3073,P_PRO ,2025-02-25,2025-10-01,churned
SUB_31074,CUST_3074,p_ent,2025-07-03,,active_plan
SUB_31075,CUST_3075,p_pro,2025-04-01,,active_plan
SUB_31076,CUST_3076,p_pro,2025-03-24,,ACT
SUB_31077,CUST_3077,p_pro,2025-12-27,,active_plan
SUB_31078,CUST_3078,p_pro,2025-12-15,,ACT
SUB_31079,CUST_3079,p_basic,2025-08-09,,active
SUB_31080,CUST_3080,p_ent,2025-04-15,,active_plan
SUB_31081,CUST_3081,P_PRO ,2025-03-18,2025-10-30,canceled
SUB_31082,CUST_3082,p_pro,2025-09-01,2026-03-04,canceled
SUB_31083,CUST_3083,p_ent,2025-10-08,,active
SUB_31084,CUST_3084,p_pro,2025-08-04,,ACT
SUB_31085,CUST_3085,p_ent,2025-03-23,2025-11-11,churned
SUB_31086,CUST_3086,p_ent,2025-08-05,,active_plan
SUB_31087,CUST_3087,p_pro,2025-09-02,2026-03-13,canceled
SUB_31088,CUST_3088,p_ent,2025-11-07,,ACT
SUB_31089,CUST_3089,p_pro,2025-06-28,,active_plan
SUB_31090,CUST_3090,p_pro,2025-06-22,2025-08-25,canceled
SUB_31091,CUST_3091,p_pro,2025-07-13,,active_plan
SUB_31092,CUST_3092,p_ent,2025-04-26,,active_plan
SUB_31093,CUST_3093,p_pro,2025-03-12,2025-10-03,churned
SUB_31094,CUST_3094,p_ent,2025-12-05,,ACT
SUB_31095,CUST_3095,p_ent,2025-08-15,,active_plan
SUB_31096,CUST_3096,P_PRO ,2025-09-23,,active_plan
SUB_31097,CUST_3097,p_pro,2025-07-20,,active_plan
SUB_31098,CUST_3098,p_ent,2025-12-02,,ACT
SUB_31099,CUST_3099,p_basic,2025-10-30,,active_plan
SUB_31100,CUST_3100,p_ent,2025-03-17,,active_plan
SUB_31101,CUST_3101,P_PRO ,2025-06-06,,active_plan
SUB_31102,CUST_3102,p_pro,2025-08-04,,active
SUB_31103,CUST_3103,p_pro,2025-12-14,2026-04-22,churned
SUB_31104,CUST_3104,p_pro,2025-07-24,2025-09-25,churned
SUB_31105,CUST_3105,p_ent,2025-08-11,,active_plan
SUB_31106,CUST_3106,p_pro,2025-08-19,,active
SUB_31107,CUST_3107,p_pro,2025-07-03,2025-08-29,churned
SUB_31108,CUST_3108,p_ent,2025-06-18,2025-09-25,cancelled
SUB_31109,CUST_3109,p_ent,2025-11-16,,active
SUB_31110,CUST_3110,p_pro,2025-05-31,2025-12-05,canceled
SUB_31111,CUST_3111,P_PRO ,2025-08-04,,ACT
SUB_31112,CUST_3112,p_ent,2025-04-04,2025-05-31,canceled
SUB_31113,CUST_3113,p_ent,2025-04-01,2025-08-17,cancelled
SUB_31114,CUST_3114,P_PRO ,2025-02-17,2025-02-09,canceled
SUB_31115,CUST_3115,p_pro,2025-01-23,,active
SUB_31116,CUST_3116,P_PRO ,2025-03-12,,ACT
SUB_31117,CUST_3117,P_PRO ,2025-04-08,,active
SUB_31118,CUST_3118,P_PRO ,2025-06-28,,active
SUB_31119,CUST_3119,p_ent,2025-12-20,2026-06-17,canceled
SUB_31120,CUST_3120,p_basic,2025-02-13,2025-04-20,churned
SUB_31121,CUST_3121,p_ent,2025-06-26,,active_plan
SUB_31122,CUST_3122,p_ent,2025-02-15,,active_plan
SUB_31123,CUST_3123,p_basic,2025-12-20,,active_plan
SUB_31124,CUST_3124,p_pro,2025-06-13,,active
SUB_31125,CUST_3125,P_PRO ,2025-06-19,,active
SUB_31126,CUST_3126,p_pro,2025-06-16,,active_plan
SUB_31127,CUST_3127,p_ent,2025-05-06,,active_plan
SUB_31128,CUST_3128,p_ent,2025-09-11,2026-02-02,cancelled
SUB_31129,CUST_3129,P_PRO ,2025-04-18,,ACT
SUB_31130,CUST_3130,P_PRO ,2025-07-29,,active
SUB_31131,CUST_3131,p_ent,2025-07-07,,active
SUB_31132,CUST_3132,P_PRO ,2025-05-17,,ACT
SUB_31133,CUST_3133,P_PRO ,2025-11-09,2026-02-05,churned
SUB_31134,CUST_3134,P_PRO ,2025-06-27,,active_plan
SUB_31135,CUST_3135,p_ent,2025-09-27,,ACT
SUB_31136,CUST_3136,p_ent,2025-06-12,,ACT
SUB_31137,CUST_3137,p_basic,2025-06-01,,ACT
SUB_31138,CUST_3138,p_ent,2025-11-30,,active
SUB_31139,CUST_3139,P_PRO ,2025-06-23,,ACT
SUB_31140,CUST_3140,p_ent,2025-09-28,,active_plan
SUB_31141,CUST_3141,p_ent,2025-01-11,,active_plan
SUB_31142,CUST_3142,p_basic,2025-01-11,,active
SUB_31143,CUST_3143,p_ent,2025-01-28,2025-09-09,cancelled
SUB_31144,CUST_3144,P_PRO ,2025-04-10,,active
SUB_31145,CUST_3145,P_PRO ,2025-08-15,,ACT
SUB_31146,CUST_3146,P_PRO ,2025-06-09,,active
SUB_31147,CUST_3147,p_ent,2025-06-27,,active_plan
SUB_31148,CUST_3148,p_pro,2025-07-13,,active
SUB_31149,CUST_3149,P_PRO ,2025-07-11,,active
SUB_31150,CUST_3150,p_pro,2025-02-20,,active
SUB_31151,CUST_3151,p_ent,2025-06-28,,active
SUB_31152,CUST_3152,p_ent,2025-10-03,,active
SUB_31153,CUST_3153,p_basic,2025-10-18,,active_plan
SUB_31154,CUST_3154,p_basic,2025-04-17,,active
SUB_31155,CUST_3155,p_ent,2025-12-18,,active_plan
SUB_31156,CUST_3156,P_PRO ,2025-09-16,2026-01-09,cancelled
SUB_31157,CUST_3157,p_ent,2025-05-21,2025-08-20,cancelled
SUB_31158,CUST_3158,p_basic,2025-11-29,,active
SUB_31159,CUST_3159,p_basic,2025-10-04,,active_plan
SUB_31160,CUST_3160,p_ent,2025-04-03,,ACT
SUB_31161,CUST_3161,P_PRO ,2025-10-06,,ACT
SUB_31162,CUST_3162,p_ent,2025-03-10,2025-09-16,cancelled
SUB_31163,CUST_3163,p_basic,2025-09-04,,active_plan
SUB_31164,CUST_3164,P_PRO ,2025-12-19,,active_plan
SUB_31165,CUST_3165,p_basic,2025-07-21,,active_plan
SUB_31166,CUST_3166,p_pro,2025-02-13,,active_plan
SUB_31167,CUST_3167,p_basic,2025-06-25,,active
SUB_31168,CUST_3168,p_ent,2025-08-20,,ACT
SUB_31169,CUST_3169,p_pro,2025-02-24,,ACT
SUB_31170,CUST_3170,P_PRO ,2025-10-09,,active
SUB_31171,CUST_3171,p_pro,2025-07-09,,ACT
SUB_31172,CUST_3172,p_pro,2025-08-03,2025-07-18,cancelled
SUB_31173,CUST_3173,p_pro,2025-10-03,2025-12-07,churned
SUB_31174,CUST_3174,p_pro,2025-12-19,,active
SUB_31175,CUST_3175,p_ent,2025-05-15,,active_plan
SUB_31176,CUST_3176,P_PRO ,2025-05-19,2025-06-22,canceled
SUB_31177,CUST_3177,P_PRO ,2025-07-22,,active_plan
SUB_31178,CUST_3178,P_PRO ,2025-02-24,,active
SUB_31179,CUST_3179,p_ent,2025-04-01,2025-07-18,churned
SUB_31180,CUST_3180,p_basic,2025-06-23,2025-12-19,churned
SUB_31181,CUST_3181,P_PRO ,2025-10-13,,active
SUB_31182,CUST_3182,p_basic,2025-10-13,2026-02-27,cancelled
SUB_31183,CUST_3183,p_basic,2025-02-01,,active_plan
SUB_31184,CUST_3184,p_basic,2025-09-29,2026-02-15,cancelled
SUB_31185,CUST_3185,p_pro,2025-07-06,2025-10-30,cancelled
SUB_31186,CUST_3186,p_ent,2025-05-01,,active_plan
SUB_31187,CUST_3187,p_ent,2025-03-12,,ACT
SUB_31188,CUST_3188,p_ent,2025-06-03,,active
SUB_31189,CUST_3189,p_ent,2025-09-23,,ACT
SUB_31190,CUST_3190,p_pro,2025-05-20,,active_plan
SUB_31191,CUST_3191,P_PRO ,2025-08-18,,active
SUB_31192,CUST_3192,p_basic,2025-10-23,,active
SUB_31193,CUST_3193,p_pro,2025-11-09,,ACT
SUB_31194,CUST_3194,P_PRO ,2025-02-20,2025-06-22,churned
SUB_31195,CUST_3195,p_basic,2025-04-26,2025-10-28,canceled
SUB_31196,CUST_3196,p_basic,2025-08-27,,active_plan
SUB_31197,CUST_3197,p_pro,2025-12-10,2026-06-29,canceled
SUB_31198,CUST_3198,P_PRO ,2025-11-30,2026-04-25,cancelled
SUB_31199,CUST_3199,P_PRO ,2025-11-06,,active
SUB_31200,CUST_3200,p_basic,2025-10-11,,active_plan
SUB_31201,CUST_3201,p_basic,2025-10-16,,active
SUB_31202,CUST_3202,p_pro,2025-08-06,,active
SUB_31203,CUST_3203,p_pro,2025-02-01,,active_plan
SUB_31204,CUST_3204,p_basic,2025-09-09,2026-02-02,canceled
SUB_31205,CUST_3205,p_basic,2025-06-04,,active_plan
SUB_31206,CUST_3206,P_PRO ,2025-06-05,,active
SUB_31207,CUST_3207,p_ent,2025-09-03,,ACT
SUB_31208,CUST_3208,p_ent,2025-04-04,,active
SUB_31209,CUST_3209,p_pro,2025-07-12,2025-11-14,churned
SUB_31210,CUST_3210,p_pro,2025-01-07,,ACT
SUB_31211,CUST_3211,P_PRO ,2025-04-29,,ACT
SUB_31212,CUST_3212,p_basic,2025-02-18,,active_plan
SUB_31213,CUST_3213,p_pro,2025-09-06,,active_plan
SUB_31214,CUST_3214,p_pro,2025-12-01,,active
SUB_31215,CUST_3215,p_ent,2025-06-07,,active
SUB_31216,CUST_3216,p_ent,2025-10-22,2025-12-19,canceled
SUB_31217,CUST_3217,p_basic,2025-10-23,,active_plan
SUB_31218,CUST_3218,P_PRO ,2025-12-23,,ACT
SUB_31219,CUST_3219,p_pro,2025-11-15,2026-05-06,cancelled
SUB_31220,CUST_3220,P_PRO ,2025-11-23,,ACT
SUB_31221,CUST_3221,p_ent,2025-11-28,,active
SUB_31222,CUST_3222,p_pro,2025-11-20,,active
SUB_31223,CUST_3223,p_basic,2025-03-11,,active_plan
SUB_31224,CUST_3224,p_ent,2025-09-21,,active
SUB_31225,CUST_3225,P_PRO ,2025-05-12,2025-06-20,churned
SUB_31226,CUST_3226,p_basic,2025-02-27,2025-06-11,cancelled
SUB_31227,CUST_3227,p_basic,2025-08-06,,ACT
SUB_31228,CUST_3228,P_PRO ,2025-06-25,2025-08-31,cancelled
SUB_31229,CUST_3229,p_pro,2025-10-21,,active_plan
SUB_31230,CUST_3230,P_PRO ,2025-03-22,,active_plan
SUB_31231,CUST_3231,p_pro,2025-02-06,,active
SUB_31232,CUST_3232,p_ent,2025-11-13,,active
SUB_31233,CUST_3233,P_PRO ,2025-03-01,,ACT
SUB_31234,CUST_3234,p_pro,2025-08-30,2025-12-03,cancelled
SUB_31235,CUST_3235,p_basic,2025-09-18,2026-03-21,canceled
SUB_31236,CUST_3236,p_pro,2025-09-18,,ACT
SUB_31237,CUST_3237,p_ent,2025-12-21,,ACT
SUB_31238,CUST_3238,p_pro,2025-12-09,,active
SUB_31239,CUST_3239,P_PRO ,2025-12-06,,active_plan
SUB_31240,CUST_3240,P_PRO ,2025-03-09,,ACT
SUB_31241,CUST_3241,p_ent,2025-02-07,2025-09-17,cancelled
SUB_31242,CUST_3242,p_ent,2025-11-19,,active_plan
SUB_31243,CUST_3243,p_ent,2025-01-06,,ACT
SUB_31244,CUST_3244,p_pro,2025-09-01,,active_plan
SUB_31245,CUST_3245,p_ent,2025-01-06,,active_plan
SUB_31246,CUST_3246,p_basic,2025-04-20,,active_plan
SUB_31247,CUST_3247,p_ent,2025-11-27,,active
SUB_31248,CUST_3248,p_pro,2025-03-06,,active
SUB_31249,CUST_3249,p_ent,2025-03-09,,ACT
SUB_31250,CUST_3250,P_PRO ,2025-07-28,2026-01-03,canceled
SUB_31251,CUST_3251,p_basic,2025-10-28,2026-05-24,churned
SUB_31252,CUST_3252,p_pro,2025-10-05,,ACT
SUB_31253,CUST_3253,p_pro,2025-08-22,,active_plan
SUB_31254,CUST_3254,P_PRO ,2025-09-10,2026-02-16,cancelled
SUB_31255,CUST_3255,P_PRO ,2025-06-05,2025-10-21,cancelled
SUB_31256,CUST_3256,p_pro,2025-08-07,2025-10-23,churned
SUB_31257,CUST_3257,p_basic,2025-08-05,,active_plan
SUB_31258,CUST_3258,P_PRO ,2025-09-15,,active
SUB_31259,CUST_3259,p_pro,2025-02-05,2025-09-20,canceled
SUB_31260,CUST_3260,P_PRO ,2025-09-15,,active_plan
SUB_31261,CUST_3261,P_PRO ,2025-03-08,,active_plan
SUB_31262,CUST_3262,p_basic,2025-07-18,,ACT
SUB_31263,CUST_3263,P_PRO ,2025-05-01,2025-06-27,cancelled
SUB_31264,CUST_3264,p_basic,2025-01-28,,active_plan
SUB_31265,CUST_3265,p_pro,2025-07-19,,active
SUB_31266,CUST_3266,P_PRO ,2025-04-26,,ACT
SUB_31267,CUST_3267,P_PRO ,2025-12-08,2025-11-25,churned
SUB_31268,CUST_3268,P_PRO ,2025-08-25,,ACT
SUB_31269,CUST_3269,p_basic,2025-03-08,,ACT
SUB_31270,CUST_3270,P_PRO ,2025-09-18,,active
SUB_31271,CUST_3271,p_pro,2025-03-07,,active
SUB_31272,CUST_3272,p_basic,2025-08-07,2026-02-15,churned
SUB_31273,CUST_3273,P_PRO ,2025-04-24,2025-04-16,churned
SUB_31274,CUST_3274,p_basic,2025-02-03,2025-05-13,churned
SUB_31275,CUST_3275,p_ent,2025-12-25,,ACT
SUB_31276,CUST_3276,p_pro,2025-04-27,2025-11-19,churned
SUB_31277,CUST_3277,p_pro,2025-12-24,,ACT
SUB_31278,CUST_3278,P_PRO ,2025-04-01,,active
SUB_31279,CUST_3279,p_basic,2025-10-20,,active_plan
SUB_31280,CUST_3280,p_pro,2025-09-19,,active_plan
SUB_31281,CUST_3281,p_pro,2025-08-15,2026-02-28,churned
SUB_31282,CUST_3282,p_ent,2025-04-11,,active_plan
SUB_31283,CUST_3283,p_ent,2025-11-16,2025-12-16,canceled
SUB_31284,CUST_3284,p_basic,2025-09-26,,active_plan
SUB_31285,CUST_3285,P_PRO ,2025-04-16,,active_plan
SUB_31286,CUST_3286,p_pro,2025-12-08,2026-07-09,canceled
SUB_31287,CUST_3287,p_pro,2025-08-31,,active_plan
SUB_31288,CUST_3288,p_pro,2025-07-30,2025-09-22,cancelled
SUB_31289,CUST_3289,p_basic,2025-06-26,,active_plan
SUB_31290,CUST_3290,P_PRO ,2025-06-21,,active
SUB_31291,CUST_3291,p_pro,2025-03-23,2025-05-11,churned
SUB_31292,CUST_3292,p_pro,2025-09-03,,active_plan
SUB_31293,CUST_3293,p_basic,2025-10-28,,active
SUB_31294,CUST_3294,p_basic,2025-09-15,,ACT
SUB_31295,CUST_3295,P_PRO ,2025-07-18,,ACT
SUB_31296,CUST_3296,p_basic,2025-11-29,,ACT
SUB_31297,CUST_3297,p_basic,2025-01-30,2025-05-08,cancelled
SUB_31298,CUST_3298,P_PRO ,2025-09-18,2026-05-15,cancelled
SUB_31299,CUST_3299,p_basic,2025-04-06,,active
SUB_31300,CUST_3300,p_ent,2025-07-26,,active
SUB_31301,CUST_3301,p_pro,2025-09-29,,active
SUB_31302,CUST_3302,p_ent,2025-02-20,,active_plan
SUB_31303,CUST_3303,p_ent,2025-09-05,2026-01-29,canceled
SUB_31304,CUST_3304,p_ent,2025-10-12,,active_plan
SUB_31305,CUST_3305,p_basic,2025-05-03,,active_plan
SUB_31306,CUST_3306,p_basic,2025-07-05,2025-12-08,churned
SUB_31307,CUST_3307,p_ent,2025-05-02,,ACT
SUB_31308,CUST_3308,p_pro,2025-03-20,,ACT
SUB_31309,CUST_3309,P_PRO ,2025-04-12,,ACT
SUB_31310,CUST_3310,P_PRO ,2025-05-12,2025-06-13,cancelled
SUB_31311,CUST_3311,P_PRO ,2025-09-30,2025-11-30,churned
SUB_31312,CUST_3312,p_pro,2025-11-07,2026-01-24,canceled
SUB_31313,CUST_3313,p_basic,2025-07-15,,active
SUB_31314,CUST_3314,p_pro,2025-01-31,,ACT
SUB_31315,CUST_3315,p_basic,2025-10-04,2026-01-04,churned
SUB_31316,CUST_3316,p_pro,2025-08-09,,ACT
SUB_31317,CUST_3317,p_ent,2025-12-27,,active_plan
SUB_31318,CUST_3318,P_PRO ,2025-11-03,,active
SUB_31319,CUST_3319,P_PRO ,2025-02-02,,ACT
SUB_31320,CUST_3320,p_pro,2025-12-28,2026-07-03,churned
SUB_31321,CUST_3321,p_basic,2025-05-13,2025-10-15,canceled
SUB_31322,CUST_3322,p_pro,2025-10-15,2025-09-25,canceled
SUB_31323,CUST_3323,p_basic,2025-04-17,,active
SUB_31324,CUST_3324,p_pro,2025-02-19,,active_plan
SUB_31325,CUST_3325,p_basic,2025-01-15,,active
SUB_31326,CUST_3326,p_basic,2025-06-14,,active
SUB_31327,CUST_3327,p_pro,2025-11-16,,active_plan
SUB_31328,CUST_3328,P_PRO ,2025-03-22,,ACT
SUB_31329,CUST_3329,p_ent,2025-01-15,,ACT
SUB_31330,CUST_3330,p_ent,2025-05-08,,active_plan
SUB_31331,CUST_3331,p_pro,2025-06-02,,active
SUB_31332,CUST_3332,p_ent,2025-08-24,,active_plan
SUB_31333,CUST_3333,p_basic,2025-12-04,,active_plan
SUB_31334,CUST_3334,P_PRO ,2025-12-20,,ACT
SUB_31335,CUST_3335,P_PRO ,2025-10-22,,ACT
SUB_31336,CUST_3336,p_basic,2025-10-09,2026-03-27,canceled
SUB_31337,CUST_3337,p_basic,2025-04-29,2025-11-15,cancelled
SUB_31338,CUST_3338,p_ent,2025-04-22,,ACT
SUB_31339,CUST_3339,P_PRO ,2025-03-21,,active_plan
SUB_31340,CUST_3340,P_PRO ,2025-01-10,2024-12-26,churned
SUB_31341,CUST_3341,p_pro,2025-10-18,,active_plan
SUB_31342,CUST_3342,p_pro,2025-11-23,2026-01-05,cancelled
SUB_31343,CUST_3343,p_pro,2025-04-24,2025-12-11,canceled
SUB_31344,CUST_3344,p_basic,2025-08-06,,ACT
SUB_31345,CUST_3345,P_PRO ,2025-03-27,2025-05-11,cancelled
SUB_31346,CUST_3346,P_PRO ,2025-04-07,2025-09-13,canceled
SUB_31347,CUST_3347,p_pro,2025-02-22,,active_plan
SUB_31348,CUST_3348,p_ent,2025-07-19,,ACT
SUB_31349,CUST_3349,p_basic,2025-11-03,2026-05-23,canceled
SUB_31350,CUST_3350,P_PRO ,2025-07-16,2026-01-17,canceled
SUB_31351,CUST_3351,p_basic,2025-04-16,2025-04-07,cancelled
SUB_31352,CUST_3352,p_ent,2025-03-29,2025-05-06,churned
SUB_31353,CUST_3353,P_PRO ,2025-04-28,2025-04-17,cancelled
SUB_31354,CUST_3354,p_pro,2025-12-01,,ACT
SUB_31355,CUST_3355,P_PRO ,2025-09-13,2025-12-13,churned
SUB_31356,CUST_3356,p_ent,2025-12-30,2026-03-17,cancelled
SUB_31357,CUST_3357,p_basic,2025-04-25,,active
SUB_31358,CUST_3358,p_basic,2025-05-15,,active_plan
SUB_31359,CUST_3359,p_pro,2025-10-29,,ACT
SUB_31360,CUST_3360,p_pro,2025-05-20,2025-11-25,canceled
SUB_31361,CUST_3361,p_basic,2025-12-06,,ACT
SUB_31362,CUST_3362,p_ent,2025-05-05,2025-06-09,cancelled
SUB_31363,CUST_3363,P_PRO ,2025-01-23,,active_plan
SUB_31364,CUST_3364,p_basic,2025-11-08,,ACT
SUB_31365,CUST_3365,p_basic,2025-05-11,,active
SUB_31366,CUST_3366,p_pro,2025-02-06,,active
SUB_31367,CUST_3367,p_basic,2025-12-09,,active
SUB_31368,CUST_3368,p_basic,2025-12-23,,active_plan
SUB_31369,CUST_3369,p_basic,2025-01-05,2025-02-14,churned
SUB_31370,CUST_3370,p_basic,2025-11-05,2026-02-06,canceled
SUB_31371,CUST_3371,p_basic,2025-06-20,,active_plan
SUB_31372,CUST_3372,p_pro,2025-06-06,2025-10-21,churned
SUB_31373,CUST_3373,p_basic,2025-04-04,2025-11-21,cancelled
SUB_31374,CUST_3374,p_basic,2025-01-09,2025-08-23,churned
SUB_31375,CUST_3375,p_basic,2025-03-30,,active
SUB_31376,CUST_3376,P_PRO ,2025-08-23,,ACT
SUB_31377,CUST_3377,p_pro,2025-07-30,,active_plan
SUB_31378,CUST_3378,p_pro,2025-02-21,,active
SUB_31379,CUST_3379,p_basic,2025-12-21,2026-06-13,cancelled
SUB_31380,CUST_3380,p_ent,2025-11-23,,active_plan
SUB_31381,CUST_3381,p_ent,2025-05-16,,ACT
SUB_31382,CUST_3382,P_PRO ,2025-07-26,2025-08-25,canceled
SUB_31383,CUST_3383,p_ent,2025-02-23,,active
SUB_31384,CUST_3384,p_ent,2025-09-26,2026-02-18,cancelled
SUB_31385,CUST_3385,p_basic,2025-01-09,,active
SUB_31386,CUST_3386,p_pro,2025-08-17,,active_plan
SUB_31387,CUST_3387,p_basic,2025-02-21,2025-06-08,churned
SUB_31388,CUST_3388,P_PRO ,2025-03-23,,ACT
SUB_31389,CUST_3389,p_ent,2025-10-21,,active_plan
SUB_31390,CUST_3390,p_ent,2025-12-19,,ACT
SUB_31391,CUST_3391,p_basic,2025-05-03,2025-07-31,churned
SUB_31392,CUST_3392,p_pro,2025-11-23,,active_plan
SUB_31393,CUST_3393,p_ent,2025-06-14,2026-02-07,cancelled
SUB_31394,CUST_3394,P_PRO ,2025-12-09,2026-07-16,cancelled
SUB_31395,CUST_3395,p_ent,2025-12-08,,active
SUB_31396,CUST_3396,P_PRO ,2025-08-03,,ACT
SUB_31397,CUST_3397,P_PRO ,2025-08-13,,ACT
SUB_31398,CUST_3398,P_PRO ,2025-01-08,2025-04-22,canceled
SUB_31399,CUST_3399,p_ent,2025-09-07,2026-03-30,cancelled
SUB_31400,CUST_3400,p_basic,2025-06-09,,active_plan
SUB_31401,CUST_3401,p_basic,2025-01-03,2025-05-19,cancelled
SUB_31402,CUST_3402,p_pro,2025-02-08,,active
SUB_31403,CUST_3403,p_ent,2025-08-12,2025-11-03,churned
SUB_31404,CUST_3404,p_ent,2025-11-17,,active_plan
SUB_31405,CUST_3405,p_basic,2025-01-16,,active_plan
SUB_31406,CUST_3406,p_basic,2025-05-30,,active_plan
SUB_31407,CUST_3407,p_pro,2025-08-24,,ACT
SUB_31408,CUST_3408,p_basic,2025-04-06,,ACT
SUB_31409,CUST_3409,p_basic,2025-06-12,2026-01-30,churned
SUB_31410,CUST_3410,P_PRO ,2025-10-16,,active_plan
SUB_31411,CUST_3411,p_basic,2025-12-08,2025-11-25,canceled
SUB_31412,CUST_3412,p_ent,2025-02-27,2025-06-03,churned
SUB_31413,CUST_3413,p_ent,2025-10-26,2025-12-21,canceled
SUB_31414,CUST_3414,P_PRO ,2025-05-07,2025-04-27,cancelled
SUB_31415,CUST_3415,p_ent,2025-12-17,,active
SUB_31416,CUST_3416,p_ent,2025-05-07,2025-06-27,canceled
SUB_31417,CUST_3417,P_PRO ,2025-12-29,,ACT
SUB_31418,CUST_3418,p_pro,2025-11-19,,active_plan
SUB_31419,CUST_3419,P_PRO ,2025-07-19,,active
SUB_31420,CUST_3420,p_ent,2025-08-24,,active
SUB_31421,CUST_3421,p_ent,2025-02-09,,active_plan
SUB_31422,CUST_3422,p_ent,2025-11-28,2025-12-29,churned
SUB_31423,CUST_3423,p_basic,2025-03-27,,active_plan
SUB_31424,CUST_3424,p_ent,2025-01-13,2025-07-14,cancelled
SUB_31425,CUST_3425,p_ent,2025-10-28,,ACT
SUB_31426,CUST_3426,P_PRO ,2025-02-28,2025-07-29,churned
SUB_31427,CUST_3427,p_ent,2025-01-08,,active
SUB_31428,CUST_3428,p_basic,2025-05-19,,active
SUB_31429,CUST_3429,p_ent,2025-08-04,,active_plan
SUB_31430,CUST_3430,p_pro,2025-08-14,,active
SUB_31431,CUST_3431,p_pro,2025-06-21,,active_plan
SUB_31432,CUST_3432,p_basic,2025-01-06,,ACT
SUB_31433,CUST_3433,P_PRO ,2025-05-07,,ACT
SUB_31434,CUST_3434,p_ent,2025-01-07,,active
SUB_31435,CUST_3435,p_pro,2025-08-17,,active
SUB_31436,CUST_3436,p_pro,2025-04-14,2025-11-15,churned
SUB_31437,CUST_3437,P_PRO ,2025-01-14,,active_plan
SUB_31438,CUST_3438,p_pro,2025-10-28,2025-12-12,cancelled
SUB_31439,CUST_3439,p_ent,2025-12-15,,active_plan
SUB_31440,CUST_3440,p_pro,2025-08-16,,active_plan
SUB_31441,CUST_3441,p_basic,2025-10-06,,active_plan
SUB_31442,CUST_3442,p_ent,2025-05-08,2025-08-18,cancelled
SUB_31443,CUST_3443,p_ent,2025-12-05,,active_plan
SUB_31444,CUST_3444,p_ent,2025-01-21,2025-06-22,churned
SUB_31445,CUST_3445,p_pro,2025-03-06,,active_plan
SUB_31446,CUST_3446,p_ent,2025-05-11,2025-10-14,churned
SUB_31447,CUST_3447,p_ent,2025-10-21,2026-05-15,churned
SUB_31448,CUST_3448,p_basic,2025-02-23,,active_plan
SUB_31449,CUST_3449,p_ent,2025-08-09,,active
SUB_31450,CUST_3450,p_basic,2025-09-29,,active
SUB_31451,CUST_3451,p_ent,2025-10-20,2026-02-17,canceled
SUB_31452,CUST_3452,p_pro,2025-07-23,,ACT
SUB_31453,CUST_3453,p_pro,2025-06-03,2025-10-01,canceled
SUB_31454,CUST_3454,p_ent,2025-06-05,,active_plan
SUB_31455,CUST_3455,p_pro,2025-08-14,2026-03-20,churned
SUB_31456,CUST_3456,p_pro,2025-10-08,,active_plan
SUB_31457,CUST_3457,p_ent,2025-05-07,2025-11-17,churned
SUB_31458,CUST_3458,p_pro,2025-02-25,,active_plan
SUB_31459,CUST_3459,p_basic,2025-01-30,2025-06-06,cancelled
SUB_31460,CUST_3460,p_ent,2025-06-25,,active
SUB_31461,CUST_3461,p_ent,2025-08-27,,active
SUB_31462,CUST_3462,P_PRO ,2025-04-28,2025-12-02,churned
SUB_31463,CUST_3463,P_PRO ,2025-03-04,,active_plan
SUB_31464,CUST_3464,p_pro,2025-01-12,,ACT
SUB_31465,CUST_3465,P_PRO ,2025-10-27,,active_plan
SUB_31466,CUST_3466,p_basic,2025-10-14,,active
SUB_31467,CUST_3467,p_ent,2025-02-22,2025-07-29,cancelled
SUB_31468,CUST_3468,p_ent,2025-10-19,2025-12-30,churned
SUB_31469,CUST_3469,p_ent,2025-03-06,,active
SUB_31470,CUST_3470,P_PRO ,2025-11-16,,ACT
SUB_31471,CUST_3471,p_ent,2025-01-08,,ACT
SUB_31472,CUST_3472,p_basic,2025-11-10,,ACT
SUB_31473,CUST_3473,p_pro,2025-08-09,,ACT
SUB_31474,CUST_3474,p_basic,2025-04-08,2025-09-01,canceled
SUB_31475,CUST_3475,p_basic,2025-07-02,2025-08-15,churned
SUB_31476,CUST_3476,p_ent,2025-03-01,2025-02-20,churned
SUB_31477,CUST_3477,P_PRO ,2025-03-15,,active_plan
SUB_31478,CUST_3478,P_PRO ,2025-03-27,2025-10-26,canceled
SUB_31479,CUST_3479,P_PRO ,2025-10-22,,active
SUB_31480,CUST_3480,p_basic,2025-12-26,,active_plan
SUB_31481,CUST_3481,p_basic,2025-11-29,,active_plan
SUB_31482,CUST_3482,P_PRO ,2025-06-12,,active_plan
SUB_31483,CUST_3483,p_ent,2025-04-29,,ACT
SUB_31484,CUST_3484,p_basic,2025-11-15,,active_plan
SUB_31485,CUST_3485,p_pro,2025-01-10,2025-05-15,churned
SUB_31486,CUST_3486,p_ent,2025-08-09,,active_plan
SUB_31487,CUST_3487,p_basic,2025-08-08,,active
SUB_31488,CUST_3488,p_ent,2025-05-09,,active
SUB_31489,CUST_3489,p_ent,2025-02-06,,active
SUB_31490,CUST_3490,p_basic,2025-10-16,,ACT
SUB_31491,CUST_3491,p_pro,2025-06-03,2025-07-09,churned
SUB_31492,CUST_3492,p_basic,2025-05-27,,ACT
SUB_31493,CUST_3493,P_PRO ,2025-05-04,,ACT
SUB_31494,CUST_3494,p_pro,2025-01-25,2025-07-05,churned
SUB_31495,CUST_3495,P_PRO ,2025-09-30,,ACT
SUB_31496,CUST_3496,p_ent,2025-07-20,,ACT
SUB_31497,CUST_3497,p_basic,2025-03-26,2025-11-11,cancelled
SUB_31498,CUST_3498,p_pro,2025-01-15,,active_plan
SUB_31499,CUST_3499,p_ent,2025-02-09,,active
