ticket_id,customer_id,ticket_date,priority,category,resolution_time,status
TCK_900001,CUST_2006,2025-02-17,HIGH,Login Issue,12,Closed
TCK_900002,CUST_2006,2025-07-17,LOW,API Down,41,resolved
TCK_900003,CUST_2007,2025-08-23,LOW,Login Issue,21,Closed
TCK_900004,CUST_2008,2025-11-10,MEDIUM,Login Issue,43,resolved
TCK_900005,CUST_2008,2025-07-22,MEDIUM,Feature Request,1,resolved
TCK_900006,CUST_2008,2025-04-14,CRITICAL,API Down,48,resolved
TCK_900007,CUST_2011,2025-11-18,LOW,Billing Bug,40,resolved
TCK_900008,CUST_2011,2025-04-02,HIGH,Login Issue,49,resolved
TCK_900009,CUST_2019,2025-06-06,CRITICAL,Billing Bug,28,open
TCK_900010,CUST_2037,2025-08-16,MEDIUM,Feature Request,4,open
TCK_900011,CUST_2041,2025-06-02,LOW,Feature Request,67,Closed
TCK_900012,CUST_2041,2025-11-12,HIGH,API Down,27,Closed
TCK_900013,CUST_2041,2025-02-24,HIGH,Feature Request,55,Closed
TCK_900014,CUST_2043,2025-05-13,LOW,API Down,71,Closed
TCK_900015,CUST_2043,2025-06-07,LOW,API Down,39,Closed
TCK_900016,CUST_2044,2025-05-06,MEDIUM,Feature Request,44,Closed
TCK_900017,CUST_2044,2025-08-04,HIGH,API Down,62,resolved
TCK_900018,CUST_2044,2025-03-26,HIGH,Login Issue,59,resolved
TCK_900019,CUST_2045,2025-08-03,CRITICAL,API Down,4,Closed
TCK_900020,CUST_2046,2025-11-01,LOW,Login Issue,47,open
TCK_900021,CUST_2046,2025-10-08,LOW,Login Issue,64,open
TCK_900022,CUST_2046,2025-05-31,HIGH,Login Issue,60,resolved
TCK_900023,CUST_2049,2025-12-04,LOW,API Down,51,Closed
TCK_900024,CUST_2049,2025-09-17,LOW,Feature Request,39,Closed
TCK_900025,CUST_2049,2025-04-27,MEDIUM,Login Issue,62,resolved
TCK_900026,CUST_2055,2025-03-30,HIGH,Feature Request,47,open
TCK_900027,CUST_2055,2025-04-08,LOW,Login Issue,66,resolved
TCK_900028,CUST_2055,2025-02-17,CRITICAL,Login Issue,29,open
TCK_900029,CUST_2057,2025-04-28,LOW,API Down,61,open
TCK_900030,CUST_2057,2025-12-09,CRITICAL,API Down,2,open
TCK_900031,CUST_2079,2025-10-11,LOW,Billing Bug,31,Closed
TCK_900032,CUST_2084,2025-06-02,HIGH,API Down,37,resolved
TCK_900033,CUST_2084,2025-11-16,LOW,Login Issue,71,Closed
TCK_900034,CUST_2086,2025-10-27,CRITICAL,Login Issue,32,Closed
TCK_900035,CUST_2089,2025-04-24,HIGH,Login Issue,68,resolved
TCK_900036,CUST_2102,2025-09-25,MEDIUM,Billing Bug,28,Closed
TCK_900037,CUST_2104,2025-05-22,HIGH,API Down,1,open
TCK_900038,CUST_2104,2025-09-17,LOW,Login Issue,6,resolved
TCK_900039,CUST_2108,2025-09-14,CRITICAL,API Down,65,open
TCK_900040,CUST_2108,2025-10-13,LOW,Login Issue,24,open
TCK_900041,CUST_2109,2025-05-13,LOW,Login Issue,30,open
TCK_900042,CUST_2110,2025-03-13,HIGH,API Down,58,resolved
TCK_900043,CUST_2119,2025-03-30,CRITICAL,Feature Request,50,Closed
TCK_900044,CUST_2123,2025-04-23,CRITICAL,Login Issue,43,Closed
TCK_900045,CUST_2123,2025-07-13,LOW,API Down,29,open
TCK_900046,CUST_2136,2025-05-19,CRITICAL,Feature Request,13,Closed
TCK_900047,CUST_2136,2025-02-23,LOW,API Down,15,Closed
TCK_900048,CUST_2136,2025-08-14,CRITICAL,API Down,59,open
TCK_900049,CUST_2142,2025-11-25,CRITICAL,Billing Bug,60,open
TCK_900050,CUST_2142,2025-02-03,MEDIUM,Feature Request,69,open
TCK_900051,CUST_2142,2025-07-16,HIGH,Login Issue,59,open
TCK_900052,CUST_2144,2025-05-13,MEDIUM,API Down,15,Closed
TCK_900053,CUST_2151,2025-09-25,HIGH,Login Issue,40,open
TCK_900054,CUST_2151,2025-10-12,LOW,Login Issue,22,open
TCK_900055,CUST_2155,2025-04-23,MEDIUM,API Down,33,open
TCK_900056,CUST_2155,2025-02-23,CRITICAL,Feature Request,34,Closed
TCK_900057,CUST_2162,2025-09-30,LOW,API Down,55,open
TCK_900058,CUST_2162,2025-02-03,LOW,Billing Bug,28,resolved
TCK_900059,CUST_2165,2025-10-24,MEDIUM,Feature Request,6,open
TCK_900060,CUST_2167,2025-09-09,MEDIUM,Billing Bug,36,Closed
TCK_900061,CUST_2167,2025-02-21,MEDIUM,Billing Bug,28,Closed
TCK_900062,CUST_2169,2025-09-24,MEDIUM,Billing Bug,46,resolved
TCK_900063,CUST_2169,2025-03-21,MEDIUM,Feature Request,49,resolved
TCK_900064,CUST_2169,2025-08-19,HIGH,Feature Request,1,open
TCK_900065,CUST_2176,2025-12-10,MEDIUM,Billing Bug,1,open
TCK_900066,CUST_2176,2025-02-26,MEDIUM,Feature Request,64,resolved
TCK_900067,CUST_2176,2025-05-24,CRITICAL,API Down,72,Closed
TCK_900068,CUST_2181,2025-04-06,CRITICAL,Login Issue,26,resolved
TCK_900069,CUST_2181,2025-08-22,LOW,Login Issue,7,open
TCK_900070,CUST_2181,2025-11-27,CRITICAL,Billing Bug,31,Closed
TCK_900071,CUST_2191,2025-06-02,HIGH,Billing Bug,61,resolved
TCK_900072,CUST_2191,2025-03-12,MEDIUM,API Down,35,open
TCK_900073,CUST_2193,2025-10-03,CRITICAL,API Down,9,Closed
TCK_900074,CUST_2194,2025-10-07,MEDIUM,API Down,45,Closed
TCK_900075,CUST_2195,2025-05-07,LOW,Login Issue,69,open
TCK_900076,CUST_2195,2025-06-29,MEDIUM,Billing Bug,31,resolved
TCK_900077,CUST_2195,2025-10-28,CRITICAL,Billing Bug,44,resolved
TCK_900078,CUST_2196,2025-09-06,LOW,API Down,23,resolved
TCK_900079,CUST_2196,2025-03-24,MEDIUM,Feature Request,7,resolved
TCK_900080,CUST_2196,2025-09-04,MEDIUM,Billing Bug,60,resolved
TCK_900081,CUST_2197,2025-07-19,CRITICAL,API Down,10,open
TCK_900082,CUST_2208,2025-04-23,CRITICAL,Login Issue,17,resolved
TCK_900083,CUST_2208,2025-11-19,LOW,API Down,62,resolved
TCK_900084,CUST_2208,2025-05-02,MEDIUM,Login Issue,59,Closed
TCK_900085,CUST_2211,2025-02-24,LOW,Billing Bug,24,resolved
TCK_900086,CUST_2211,2025-04-08,CRITICAL,Billing Bug,21,Closed
TCK_900087,CUST_2218,2025-09-14,MEDIUM,Billing Bug,29,resolved
TCK_900088,CUST_2218,2025-07-02,HIGH,API Down,38,Closed
TCK_900089,CUST_2221,2025-06-24,LOW,Feature Request,71,open
TCK_900090,CUST_2221,2025-03-03,HIGH,Billing Bug,21,open
TCK_900091,CUST_2221,2025-08-10,CRITICAL,API Down,59,resolved
TCK_900092,CUST_2222,2025-06-24,CRITICAL,API Down,42,Closed
TCK_900093,CUST_2228,2025-03-22,CRITICAL,Feature Request,20,open
TCK_900094,CUST_2231,2025-12-12,MEDIUM,Login Issue,52,Closed
TCK_900095,CUST_2232,2025-08-22,MEDIUM,Feature Request,18,resolved
TCK_900096,CUST_2233,2025-11-28,LOW,API Down,40,resolved
TCK_900097,CUST_2234,2025-03-12,LOW,Login Issue,50,open
TCK_900098,CUST_2235,2025-03-17,CRITICAL,Feature Request,65,Closed
TCK_900099,CUST_2235,2025-11-08,HIGH,Billing Bug,24,resolved
TCK_900100,CUST_2238,2025-11-06,CRITICAL,Login Issue,31,open
TCK_900101,CUST_2238,2025-03-20,HIGH,API Down,20,open
TCK_900102,CUST_2238,2025-09-16,HIGH,Feature Request,66,resolved
TCK_900103,CUST_2239,2025-04-15,LOW,Login Issue,72,Closed
TCK_900104,CUST_2239,2025-04-15,HIGH,API Down,66,resolved
TCK_900105,CUST_2240,2025-11-21,MEDIUM,Billing Bug,15,open
TCK_900106,CUST_2242,2025-05-30,LOW,Login Issue,47,resolved
TCK_900107,CUST_2242,2025-04-01,MEDIUM,API Down,26,Closed
TCK_900108,CUST_2243,2025-11-11,LOW,Login Issue,47,resolved
TCK_900109,CUST_2243,2025-04-27,LOW,Billing Bug,49,Closed
TCK_900110,CUST_2246,2025-06-13,MEDIUM,Feature Request,29,resolved
TCK_900111,CUST_2249,2025-07-29,CRITICAL,Billing Bug,44,Closed
TCK_900112,CUST_2252,2025-10-20,HIGH,Feature Request,34,open
TCK_900113,CUST_2254,2025-07-08,CRITICAL,Feature Request,5,open
TCK_900114,CUST_2254,2025-09-21,MEDIUM,Billing Bug,32,resolved
TCK_900115,CUST_2254,2025-04-29,LOW,API Down,16,open
TCK_900116,CUST_2258,2025-12-02,HIGH,Billing Bug,28,Closed
TCK_900117,CUST_2258,2025-04-14,CRITICAL,API Down,14,Closed
TCK_900118,CUST_2258,2025-08-31,CRITICAL,Billing Bug,56,Closed
TCK_900119,CUST_2262,2025-04-17,HIGH,Login Issue,3,resolved
TCK_900120,CUST_2263,2025-09-24,CRITICAL,Login Issue,48,resolved
TCK_900121,CUST_2263,2025-02-08,LOW,Feature Request,44,Closed
TCK_900122,CUST_2264,2025-08-20,MEDIUM,Billing Bug,29,open
TCK_900123,CUST_2264,2025-06-09,CRITICAL,Feature Request,57,Closed
TCK_900124,CUST_2264,2025-08-06,CRITICAL,Feature Request,51,Closed
TCK_900125,CUST_2265,2025-11-14,LOW,API Down,15,resolved
TCK_900126,CUST_2265,2025-05-25,HIGH,Billing Bug,70,Closed
TCK_900127,CUST_2265,2025-02-21,CRITICAL,Feature Request,46,resolved
TCK_900128,CUST_2274,2025-06-26,HIGH,Feature Request,69,open
TCK_900129,CUST_2274,2025-10-25,HIGH,Login Issue,29,open
TCK_900130,CUST_2275,2025-12-06,HIGH,API Down,49,resolved
TCK_900131,CUST_2275,2025-06-17,MEDIUM,Login Issue,24,open
TCK_900132,CUST_2278,2025-10-23,HIGH,API Down,18,Closed
TCK_900133,CUST_2278,2025-09-17,MEDIUM,Login Issue,20,resolved
TCK_900134,CUST_2281,2025-08-27,HIGH,API Down,28,open
TCK_900135,CUST_2281,2025-04-15,CRITICAL,Login Issue,44,resolved
TCK_900136,CUST_2281,2025-08-04,LOW,Feature Request,62,resolved
TCK_900137,CUST_2286,2025-08-24,LOW,Login Issue,18,open
TCK_900138,CUST_2286,2025-03-11,HIGH,Billing Bug,40,resolved
TCK_900139,CUST_2286,2025-02-20,CRITICAL,Billing Bug,21,Closed
TCK_900140,CUST_2287,2025-11-08,LOW,Billing Bug,59,resolved
TCK_900141,CUST_2287,2025-07-03,LOW,Login Issue,28,open
TCK_900142,CUST_2291,2025-12-09,LOW,API Down,9,Closed
TCK_900143,CUST_2293,2025-05-29,LOW,Login Issue,24,Closed
TCK_900144,CUST_2293,2025-11-25,LOW,Feature Request,31,Closed
TCK_900145,CUST_2294,2025-02-27,HIGH,Login Issue,42,resolved
TCK_900146,CUST_2294,2025-10-02,CRITICAL,Login Issue,64,resolved
TCK_900147,CUST_2294,2025-07-12,LOW,Feature Request,38,open
TCK_900148,CUST_2300,2025-07-09,MEDIUM,API Down,32,resolved
TCK_900149,CUST_2301,2025-10-21,LOW,Feature Request,4,open
TCK_900150,CUST_2302,2025-05-22,MEDIUM,API Down,26,Closed
TCK_900151,CUST_2302,2025-07-14,HIGH,API Down,72,Closed
TCK_900152,CUST_2305,2025-03-06,LOW,Login Issue,30,resolved
TCK_900153,CUST_2313,2025-04-30,HIGH,Billing Bug,38,Closed
TCK_900154,CUST_2313,2025-12-17,LOW,Billing Bug,53,Closed
TCK_900155,CUST_2313,2025-10-06,HIGH,Billing Bug,46,open
TCK_900156,CUST_2322,2025-07-19,CRITICAL,API Down,20,Closed
TCK_900157,CUST_2322,2025-06-20,CRITICAL,API Down,45,resolved
TCK_900158,CUST_2322,2025-10-21,HIGH,Login Issue,20,Closed
TCK_900159,CUST_2326,2025-03-31,CRITICAL,Feature Request,20,resolved
TCK_900160,CUST_2329,2025-10-21,MEDIUM,Billing Bug,14,open
TCK_900161,CUST_2329,2025-02-14,HIGH,API Down,1,open
TCK_900162,CUST_2330,2025-05-26,LOW,Billing Bug,31,open
TCK_900163,CUST_2330,2025-07-05,CRITICAL,API Down,33,open
TCK_900164,CUST_2333,2025-09-15,HIGH,API Down,3,open
TCK_900165,CUST_2333,2025-07-30,CRITICAL,Login Issue,70,open
TCK_900166,CUST_2333,2025-08-22,MEDIUM,Login Issue,56,Closed
TCK_900167,CUST_2339,2025-12-01,MEDIUM,Billing Bug,57,resolved
TCK_900168,CUST_2339,2025-09-20,CRITICAL,Feature Request,47,open
TCK_900169,CUST_2339,2025-12-17,HIGH,API Down,48,resolved
TCK_900170,CUST_2342,2025-07-15,LOW,Billing Bug,27,Closed
TCK_900171,CUST_2342,2025-07-05,LOW,Login Issue,48,open
TCK_900172,CUST_2342,2025-04-05,MEDIUM,Billing Bug,56,resolved
TCK_900173,CUST_2348,2025-05-02,CRITICAL,API Down,1,open
TCK_900174,CUST_2348,2025-06-23,LOW,API Down,32,resolved
TCK_900175,CUST_2350,2025-05-31,MEDIUM,Feature Request,22,Closed
TCK_900176,CUST_2350,2025-07-02,MEDIUM,Login Issue,42,Closed
TCK_900177,CUST_2350,2025-08-08,HIGH,API Down,8,open
TCK_900178,CUST_2354,2025-04-07,CRITICAL,Billing Bug,21,Closed
TCK_900179,CUST_2355,2025-02-23,HIGH,Login Issue,16,Closed
TCK_900180,CUST_2355,2025-11-09,MEDIUM,Billing Bug,39,resolved
TCK_900181,CUST_2360,2025-11-07,CRITICAL,Billing Bug,58,open
TCK_900182,CUST_2360,2025-04-02,CRITICAL,Feature Request,41,resolved
TCK_900183,CUST_2360,2025-07-11,CRITICAL,Feature Request,41,Closed
TCK_900184,CUST_2361,2025-08-02,MEDIUM,Feature Request,42,Closed
TCK_900185,CUST_2361,2025-10-19,LOW,Login Issue,57,resolved
TCK_900186,CUST_2366,2025-03-01,MEDIUM,API Down,11,Closed
TCK_900187,CUST_2366,2025-03-03,CRITICAL,Billing Bug,27,Closed
TCK_900188,CUST_2369,2025-11-23,MEDIUM,Login Issue,9,open
TCK_900189,CUST_2371,2025-12-16,HIGH,API Down,48,resolved
TCK_900190,CUST_2371,2025-06-17,HIGH,Login Issue,12,resolved
TCK_900191,CUST_2371,2025-09-04,CRITICAL,API Down,5,Closed
TCK_900192,CUST_2372,2025-11-01,HIGH,API Down,2,resolved
TCK_900193,CUST_2372,2025-11-05,MEDIUM,Login Issue,14,Closed
TCK_900194,CUST_2372,2025-09-07,LOW,API Down,61,open
TCK_900195,CUST_2373,2025-05-09,HIGH,Feature Request,69,open
TCK_900196,CUST_2373,2025-04-16,MEDIUM,API Down,50,open
TCK_900197,CUST_2377,2025-04-25,HIGH,API Down,44,Closed
TCK_900198,CUST_2377,2025-05-23,CRITICAL,Billing Bug,55,resolved
TCK_900199,CUST_2380,2025-04-07,HIGH,Login Issue,41,open
TCK_900200,CUST_2380,2025-04-07,HIGH,Login Issue,17,Closed
TCK_900201,CUST_2380,2025-03-04,MEDIUM,Billing Bug,26,resolved
TCK_900202,CUST_2381,2025-02-12,CRITICAL,Billing Bug,20,resolved
TCK_900203,CUST_2381,2025-12-04,LOW,API Down,38,Closed
TCK_900204,CUST_2381,2025-08-13,MEDIUM,Billing Bug,64,Closed
TCK_900205,CUST_2382,2025-07-29,LOW,Billing Bug,4,resolved
TCK_900206,CUST_2392,2025-04-29,MEDIUM,Login Issue,50,resolved
TCK_900207,CUST_2407,2025-05-25,LOW,Billing Bug,55,Closed
TCK_900208,CUST_2407,2025-03-16,HIGH,Login Issue,58,Closed
TCK_900209,CUST_2407,2025-07-15,MEDIUM,Billing Bug,60,resolved
TCK_900210,CUST_2410,2025-09-07,CRITICAL,Billing Bug,53,resolved
TCK_900211,CUST_2410,2025-04-04,CRITICAL,Billing Bug,64,resolved
TCK_900212,CUST_2410,2025-05-13,LOW,Billing Bug,51,open
TCK_900213,CUST_2416,2025-02-18,LOW,Login Issue,61,resolved
TCK_900214,CUST_2423,2025-12-01,HIGH,API Down,55,resolved
TCK_900215,CUST_2423,2025-10-21,HIGH,Login Issue,68,open
TCK_900216,CUST_2423,2025-10-04,CRITICAL,Billing Bug,12,open
TCK_900217,CUST_2424,2025-05-17,MEDIUM,API Down,37,open
TCK_900218,CUST_2424,2025-08-19,CRITICAL,Login Issue,44,open
TCK_900219,CUST_2424,2025-08-27,HIGH,Feature Request,47,Closed
TCK_900220,CUST_2431,2025-02-10,HIGH,Billing Bug,33,resolved
TCK_900221,CUST_2432,2025-09-07,HIGH,Billing Bug,14,open
TCK_900222,CUST_2432,2025-10-27,CRITICAL,Login Issue,31,open
TCK_900223,CUST_2443,2025-05-21,CRITICAL,Feature Request,39,open
TCK_900224,CUST_2445,2025-05-12,LOW,Login Issue,46,resolved
TCK_900225,CUST_2445,2025-09-16,CRITICAL,Login Issue,60,Closed
TCK_900226,CUST_2450,2025-09-12,MEDIUM,Feature Request,37,resolved
TCK_900227,CUST_2450,2025-09-27,MEDIUM,API Down,41,resolved
TCK_900228,CUST_2458,2025-02-27,LOW,API Down,64,open
TCK_900229,CUST_2458,2025-10-15,MEDIUM,Feature Request,40,resolved
TCK_900230,CUST_2458,2025-06-09,MEDIUM,Feature Request,59,Closed
TCK_900231,CUST_2462,2025-02-25,MEDIUM,API Down,32,open
TCK_900232,CUST_2462,2025-05-18,HIGH,Billing Bug,2,resolved
TCK_900233,CUST_2462,2025-02-10,LOW,Billing Bug,1,Closed
TCK_900234,CUST_2467,2025-05-23,CRITICAL,API Down,3,resolved
TCK_900235,CUST_2467,2025-12-14,MEDIUM,Feature Request,14,open
TCK_900236,CUST_2467,2025-04-30,CRITICAL,API Down,60,open
TCK_900237,CUST_2469,2025-08-23,HIGH,Feature Request,51,Closed
TCK_900238,CUST_2471,2025-03-15,CRITICAL,Billing Bug,43,Closed
TCK_900239,CUST_2471,2025-06-16,HIGH,API Down,6,open
TCK_900240,CUST_2473,2025-06-29,MEDIUM,Billing Bug,12,resolved
TCK_900241,CUST_2475,2025-08-16,MEDIUM,Login Issue,20,resolved
TCK_900242,CUST_2475,2025-09-22,MEDIUM,Billing Bug,7,resolved
TCK_900243,CUST_2481,2025-07-30,MEDIUM,Feature Request,68,Closed
TCK_900244,CUST_2481,2025-03-18,HIGH,Billing Bug,45,resolved
TCK_900245,CUST_2481,2025-05-31,CRITICAL,Feature Request,56,open
TCK_900246,CUST_2484,2025-12-14,MEDIUM,Login Issue,59,resolved
TCK_900247,CUST_2484,2025-02-04,MEDIUM,Billing Bug,53,resolved
TCK_900248,CUST_2484,2025-04-11,CRITICAL,Login Issue,24,resolved
TCK_900249,CUST_2486,2025-02-10,MEDIUM,Login Issue,21,open
TCK_900250,CUST_2486,2025-09-03,LOW,Login Issue,53,open
TCK_900251,CUST_2486,2025-11-24,HIGH,Login Issue,3,open
TCK_900252,CUST_2488,2025-04-17,LOW,API Down,6,open
TCK_900253,CUST_2488,2025-06-26,CRITICAL,Feature Request,45,Closed
TCK_900254,CUST_2490,2025-06-15,HIGH,Login Issue,51,resolved
TCK_900255,CUST_2490,2025-03-30,LOW,Billing Bug,41,open
TCK_900256,CUST_2492,2025-08-26,LOW,Login Issue,39,open
TCK_900257,CUST_2493,2025-11-16,LOW,Login Issue,63,open
TCK_900258,CUST_2496,2025-02-23,CRITICAL,Feature Request,18,open
TCK_900259,CUST_2496,2025-11-29,LOW,Feature Request,39,open
TCK_900260,CUST_2496,2025-09-17,CRITICAL,API Down,49,Closed
TCK_900261,CUST_2501,2025-08-28,MEDIUM,Feature Request,6,resolved
TCK_900262,CUST_2501,2025-06-08,LOW,Feature Request,21,open
TCK_900263,CUST_2501,2025-05-03,LOW,Feature Request,27,Closed
TCK_900264,CUST_2511,2025-08-08,MEDIUM,Feature Request,38,Closed
TCK_900265,CUST_2514,2025-07-31,CRITICAL,Login Issue,37,Closed
TCK_900266,CUST_2514,2025-11-18,MEDIUM,Feature Request,15,resolved
TCK_900267,CUST_2518,2025-08-16,CRITICAL,Feature Request,22,resolved
TCK_900268,CUST_2518,2025-08-09,LOW,Login Issue,9,resolved
TCK_900269,CUST_2518,2025-11-04,CRITICAL,Billing Bug,1,open
TCK_900270,CUST_2520,2025-05-14,CRITICAL,Login Issue,28,resolved
TCK_900271,CUST_2522,2025-05-07,HIGH,API Down,21,open
TCK_900272,CUST_2522,2025-10-23,MEDIUM,Feature Request,49,resolved
TCK_900273,CUST_2522,2025-09-03,LOW,Login Issue,3,resolved
TCK_900274,CUST_2524,2025-09-05,HIGH,Billing Bug,69,Closed
TCK_900275,CUST_2524,2025-12-01,CRITICAL,Feature Request,59,open
TCK_900276,CUST_2524,2025-04-24,HIGH,Feature Request,1,resolved
TCK_900277,CUST_2527,2025-06-12,HIGH,Billing Bug,20,resolved
TCK_900278,CUST_2527,2025-04-17,CRITICAL,Login Issue,58,open
TCK_900279,CUST_2527,2025-07-21,LOW,Login Issue,16,resolved
TCK_900280,CUST_2528,2025-05-19,LOW,Feature Request,47,open
TCK_900281,CUST_2532,2025-09-10,HIGH,Billing Bug,12,Closed
TCK_900282,CUST_2532,2025-09-26,LOW,Feature Request,61,Closed
TCK_900283,CUST_2532,2025-07-21,CRITICAL,Feature Request,34,open
TCK_900284,CUST_2533,2025-12-12,CRITICAL,Billing Bug,53,Closed
TCK_900285,CUST_2533,2025-10-23,MEDIUM,Billing Bug,38,open
TCK_900286,CUST_2533,2025-08-06,MEDIUM,Feature Request,9,open
TCK_900287,CUST_2537,2025-10-20,LOW,Feature Request,45,resolved
TCK_900288,CUST_2537,2025-06-22,HIGH,API Down,27,Closed
TCK_900289,CUST_2540,2025-09-06,LOW,Billing Bug,69,Closed
TCK_900290,CUST_2550,2025-11-21,LOW,API Down,46,resolved
TCK_900291,CUST_2550,2025-10-31,HIGH,Billing Bug,61,resolved
TCK_900292,CUST_2550,2025-09-16,LOW,Login Issue,42,open
TCK_900293,CUST_2551,2025-11-09,MEDIUM,Billing Bug,16,open
TCK_900294,CUST_2551,2025-07-22,MEDIUM,API Down,36,Closed
TCK_900295,CUST_2552,2025-12-15,HIGH,Login Issue,47,resolved
TCK_900296,CUST_2553,2025-07-27,MEDIUM,Login Issue,55,Closed
TCK_900297,CUST_2556,2025-02-12,LOW,Billing Bug,35,Closed
TCK_900298,CUST_2559,2025-02-28,LOW,Billing Bug,46,Closed
TCK_900299,CUST_2560,2025-04-06,HIGH,Feature Request,14,Closed
TCK_900300,CUST_2565,2025-09-27,LOW,API Down,18,resolved
TCK_900301,CUST_2565,2025-04-11,HIGH,Feature Request,2,resolved
TCK_900302,CUST_2565,2025-08-28,LOW,API Down,13,resolved
TCK_900303,CUST_2566,2025-09-13,MEDIUM,Feature Request,4,open
TCK_900304,CUST_2572,2025-03-22,MEDIUM,Login Issue,70,Closed
TCK_900305,CUST_2576,2025-10-17,LOW,Login Issue,22,open
TCK_900306,CUST_2576,2025-02-15,MEDIUM,Feature Request,46,resolved
TCK_900307,CUST_2576,2025-08-22,MEDIUM,Billing Bug,57,resolved
TCK_900308,CUST_2578,2025-02-28,CRITICAL,Login Issue,65,resolved
TCK_900309,CUST_2580,2025-05-13,HIGH,API Down,19,Closed
TCK_900310,CUST_2580,2025-10-02,LOW,Feature Request,8,Closed
TCK_900311,CUST_2586,2025-02-25,HIGH,Billing Bug,66,open
TCK_900312,CUST_2586,2025-08-28,HIGH,Billing Bug,50,open
TCK_900313,CUST_2586,2025-05-06,CRITICAL,Billing Bug,68,resolved
TCK_900314,CUST_2587,2025-12-13,CRITICAL,API Down,27,resolved
TCK_900315,CUST_2587,2025-08-08,HIGH,Feature Request,40,open
TCK_900316,CUST_2598,2025-11-09,HIGH,Feature Request,5,resolved
TCK_900317,CUST_2598,2025-04-12,LOW,API Down,15,resolved
TCK_900318,CUST_2598,2025-09-11,MEDIUM,Feature Request,45,resolved
TCK_900319,CUST_2599,2025-09-01,LOW,Feature Request,36,resolved
TCK_900320,CUST_2600,2025-07-07,LOW,API Down,59,Closed
TCK_900321,CUST_2600,2025-10-29,HIGH,Login Issue,4,resolved
TCK_900322,CUST_2601,2025-04-15,HIGH,API Down,56,resolved
TCK_900323,CUST_2601,2025-10-28,CRITICAL,Billing Bug,38,Closed
TCK_900324,CUST_2601,2025-04-20,MEDIUM,Billing Bug,44,Closed
TCK_900325,CUST_2605,2025-10-11,LOW,Billing Bug,17,resolved
TCK_900326,CUST_2609,2025-09-07,HIGH,Login Issue,5,Closed
TCK_900327,CUST_2611,2025-11-12,HIGH,Login Issue,34,resolved
TCK_900328,CUST_2612,2025-04-17,LOW,Feature Request,21,Closed
TCK_900329,CUST_2616,2025-03-29,CRITICAL,Login Issue,24,Closed
TCK_900330,CUST_2616,2025-02-23,HIGH,Login Issue,65,open
TCK_900331,CUST_2623,2025-03-27,CRITICAL,Billing Bug,43,resolved
TCK_900332,CUST_2626,2025-08-18,CRITICAL,Feature Request,70,Closed
TCK_900333,CUST_2626,2025-02-11,CRITICAL,Login Issue,23,open
TCK_900334,CUST_2629,2025-11-27,CRITICAL,Billing Bug,27,Closed
TCK_900335,CUST_2629,2025-10-28,LOW,Billing Bug,37,resolved
TCK_900336,CUST_2629,2025-12-09,HIGH,Login Issue,21,open
TCK_900337,CUST_2633,2025-10-14,HIGH,Billing Bug,66,open
TCK_900338,CUST_2640,2025-10-21,CRITICAL,API Down,28,resolved
TCK_900339,CUST_2640,2025-04-15,MEDIUM,Login Issue,37,open
TCK_900340,CUST_2640,2025-10-29,HIGH,Login Issue,20,open
TCK_900341,CUST_2644,2025-02-03,CRITICAL,Billing Bug,26,Closed
TCK_900342,CUST_2644,2025-06-18,CRITICAL,Login Issue,43,resolved
TCK_900343,CUST_2647,2025-06-05,LOW,Billing Bug,4,open
TCK_900344,CUST_2647,2025-05-24,LOW,API Down,33,resolved
TCK_900345,CUST_2647,2025-06-29,CRITICAL,API Down,40,Closed
TCK_900346,CUST_2650,2025-05-28,MEDIUM,API Down,35,open
TCK_900347,CUST_2650,2025-06-12,LOW,API Down,14,resolved
TCK_900348,CUST_2651,2025-10-31,HIGH,API Down,6,open
TCK_900349,CUST_2651,2025-08-27,CRITICAL,Billing Bug,29,resolved
TCK_900350,CUST_2655,2025-11-17,LOW,Billing Bug,38,open
TCK_900351,CUST_2655,2025-05-26,HIGH,API Down,48,resolved
TCK_900352,CUST_2660,2025-02-16,CRITICAL,Billing Bug,69,open
TCK_900353,CUST_2660,2025-11-18,CRITICAL,Billing Bug,26,Closed
TCK_900354,CUST_2663,2025-08-28,MEDIUM,Billing Bug,49,open
TCK_900355,CUST_2663,2025-06-18,MEDIUM,Billing Bug,64,Closed
TCK_900356,CUST_2664,2025-11-29,LOW,API Down,31,Closed
TCK_900357,CUST_2669,2025-10-20,MEDIUM,API Down,35,resolved
TCK_900358,CUST_2669,2025-05-05,HIGH,Billing Bug,41,Closed
TCK_900359,CUST_2669,2025-05-14,MEDIUM,Feature Request,28,resolved
TCK_900360,CUST_2670,2025-10-01,HIGH,Feature Request,46,Closed
TCK_900361,CUST_2670,2025-05-04,HIGH,API Down,26,open
TCK_900362,CUST_2673,2025-05-28,MEDIUM,Billing Bug,24,Closed
TCK_900363,CUST_2673,2025-02-08,LOW,Login Issue,52,open
TCK_900364,CUST_2673,2025-02-03,HIGH,Login Issue,17,open
TCK_900365,CUST_2682,2025-05-18,MEDIUM,Feature Request,4,Closed
TCK_900366,CUST_2686,2025-07-17,CRITICAL,API Down,46,open
TCK_900367,CUST_2687,2025-03-28,HIGH,Billing Bug,30,resolved
TCK_900368,CUST_2687,2025-11-14,MEDIUM,Feature Request,59,Closed
TCK_900369,CUST_2687,2025-03-31,MEDIUM,Billing Bug,45,open
TCK_900370,CUST_2695,2025-03-01,HIGH,Feature Request,67,Closed
TCK_900371,CUST_2700,2025-04-16,CRITICAL,Billing Bug,40,resolved
TCK_900372,CUST_2700,2025-12-17,LOW,Feature Request,45,open
TCK_900373,CUST_2700,2025-05-21,MEDIUM,Feature Request,46,resolved
TCK_900374,CUST_2702,2025-05-10,LOW,Billing Bug,18,resolved
TCK_900375,CUST_2702,2025-09-22,LOW,Billing Bug,49,Closed
TCK_900376,CUST_2702,2025-09-22,CRITICAL,Login Issue,14,open
TCK_900377,CUST_2703,2025-07-16,HIGH,Login Issue,40,open
TCK_900378,CUST_2703,2025-05-13,HIGH,API Down,20,open
TCK_900379,CUST_2706,2025-10-14,HIGH,Login Issue,47,resolved
TCK_900380,CUST_2706,2025-10-20,MEDIUM,API Down,66,Closed
TCK_900381,CUST_2706,2025-11-17,HIGH,Feature Request,29,Closed
TCK_900382,CUST_2707,2025-11-12,MEDIUM,Login Issue,32,open
TCK_900383,CUST_2707,2025-03-22,MEDIUM,Feature Request,65,Closed
TCK_900384,CUST_2709,2025-03-08,HIGH,Billing Bug,70,open
TCK_900385,CUST_2718,2025-02-23,HIGH,Billing Bug,53,resolved
TCK_900386,CUST_2718,2025-07-26,MEDIUM,API Down,33,open
TCK_900387,CUST_2718,2025-11-02,CRITICAL,Login Issue,69,Closed
TCK_900388,CUST_2722,2025-09-24,MEDIUM,API Down,50,resolved
TCK_900389,CUST_2722,2025-07-17,CRITICAL,Feature Request,55,open
TCK_900390,CUST_2722,2025-10-29,MEDIUM,Feature Request,37,open
TCK_900391,CUST_2723,2025-04-11,LOW,Feature Request,22,Closed
TCK_900392,CUST_2732,2025-07-06,LOW,Feature Request,11,Closed
TCK_900393,CUST_2735,2025-04-07,LOW,Login Issue,47,open
TCK_900394,CUST_2735,2025-04-13,HIGH,Login Issue,41,open
TCK_900395,CUST_2737,2025-04-25,HIGH,Billing Bug,26,resolved
TCK_900396,CUST_2737,2025-02-23,CRITICAL,API Down,44,Closed
TCK_900397,CUST_2739,2025-02-24,LOW,Login Issue,51,Closed
TCK_900398,CUST_2739,2025-07-15,LOW,Billing Bug,26,Closed
TCK_900399,CUST_2746,2025-11-15,CRITICAL,Feature Request,15,open
TCK_900400,CUST_2746,2025-08-07,HIGH,Billing Bug,25,resolved
TCK_900401,CUST_2747,2025-09-26,LOW,API Down,26,Closed
TCK_900402,CUST_2747,2025-09-13,HIGH,Feature Request,52,open
TCK_900403,CUST_2747,2025-02-21,CRITICAL,Login Issue,66,resolved
TCK_900404,CUST_2754,2025-04-17,MEDIUM,API Down,4,Closed
TCK_900405,CUST_2754,2025-10-17,LOW,API Down,5,Closed
TCK_900406,CUST_2754,2025-02-21,MEDIUM,API Down,68,Closed
TCK_900407,CUST_2763,2025-05-02,MEDIUM,API Down,35,open
TCK_900408,CUST_2772,2025-02-18,CRITICAL,API Down,31,resolved
TCK_900409,CUST_2775,2025-11-13,CRITICAL,API Down,2,open
TCK_900410,CUST_2775,2025-03-29,CRITICAL,Login Issue,63,Closed
TCK_900411,CUST_2775,2025-03-09,CRITICAL,Feature Request,19,resolved
TCK_900412,CUST_2776,2025-02-02,LOW,API Down,53,resolved
TCK_900413,CUST_2776,2025-11-24,LOW,Feature Request,56,resolved
TCK_900414,CUST_2776,2025-05-01,HIGH,API Down,18,Closed
TCK_900415,CUST_2782,2025-06-28,MEDIUM,Billing Bug,25,open
TCK_900416,CUST_2782,2025-07-04,MEDIUM,API Down,32,open
TCK_900417,CUST_2783,2025-05-30,LOW,Billing Bug,41,open
TCK_900418,CUST_2783,2025-04-11,HIGH,Login Issue,11,Closed
TCK_900419,CUST_2783,2025-05-12,CRITICAL,Login Issue,16,resolved
TCK_900420,CUST_2784,2025-02-26,HIGH,API Down,33,Closed
TCK_900421,CUST_2784,2025-05-06,CRITICAL,Billing Bug,36,resolved
TCK_900422,CUST_2784,2025-02-23,LOW,Login Issue,56,open
TCK_900423,CUST_2788,2025-05-15,HIGH,API Down,53,resolved
TCK_900424,CUST_2788,2025-04-24,MEDIUM,API Down,32,Closed
TCK_900425,CUST_2788,2025-02-19,HIGH,Feature Request,16,resolved
TCK_900426,CUST_2790,2025-09-18,LOW,Login Issue,41,open
TCK_900427,CUST_2790,2025-04-18,HIGH,Feature Request,4,open
TCK_900428,CUST_2795,2025-07-30,LOW,Feature Request,8,resolved
TCK_900429,CUST_2795,2025-11-27,LOW,Feature Request,64,open
TCK_900430,CUST_2795,2025-11-24,LOW,API Down,23,open
TCK_900431,CUST_2797,2025-09-29,LOW,Feature Request,8,open
TCK_900432,CUST_2797,2025-05-21,CRITICAL,Billing Bug,33,resolved
TCK_900433,CUST_2799,2025-11-19,HIGH,Feature Request,40,resolved
TCK_900434,CUST_2799,2025-06-25,HIGH,Login Issue,71,Closed
TCK_900435,CUST_2799,2025-12-09,LOW,Login Issue,67,resolved
TCK_900436,CUST_2809,2025-04-27,CRITICAL,Login Issue,29,resolved
TCK_900437,CUST_2811,2025-02-06,MEDIUM,Feature Request,57,open
TCK_900438,CUST_2811,2025-02-04,LOW,Login Issue,29,Closed
TCK_900439,CUST_2811,2025-10-24,MEDIUM,API Down,31,open
TCK_900440,CUST_2832,2025-05-27,HIGH,Login Issue,22,open
TCK_900441,CUST_2832,2025-08-20,HIGH,API Down,26,Closed
TCK_900442,CUST_2833,2025-02-19,MEDIUM,Billing Bug,68,resolved
TCK_900443,CUST_2833,2025-03-29,MEDIUM,Login Issue,45,open
TCK_900444,CUST_2836,2025-10-11,CRITICAL,Login Issue,49,resolved
TCK_900445,CUST_2836,2025-06-24,HIGH,Feature Request,10,Closed
TCK_900446,CUST_2836,2025-05-07,MEDIUM,Login Issue,28,open
TCK_900447,CUST_2838,2025-03-25,LOW,Feature Request,17,open
TCK_900448,CUST_2838,2025-03-08,MEDIUM,API Down,26,resolved
TCK_900449,CUST_2841,2025-08-31,LOW,Billing Bug,10,Closed
TCK_900450,CUST_2842,2025-03-11,HIGH,Billing Bug,40,resolved
TCK_900451,CUST_2842,2025-08-28,CRITICAL,API Down,3,Closed
TCK_900452,CUST_2842,2025-10-01,HIGH,Feature Request,34,open
TCK_900453,CUST_2847,2025-04-17,CRITICAL,Login Issue,55,Closed
TCK_900454,CUST_2847,2025-05-16,LOW,Billing Bug,13,resolved
TCK_900455,CUST_2849,2025-03-13,CRITICAL,Feature Request,72,Closed
TCK_900456,CUST_2857,2025-09-01,MEDIUM,API Down,60,resolved
TCK_900457,CUST_2857,2025-03-08,LOW,Billing Bug,32,Closed
TCK_900458,CUST_2861,2025-03-04,HIGH,Login Issue,8,open
TCK_900459,CUST_2861,2025-11-26,HIGH,Feature Request,15,Closed
TCK_900460,CUST_2863,2025-12-07,HIGH,Login Issue,66,Closed
TCK_900461,CUST_2863,2025-11-29,LOW,API Down,34,Closed
TCK_900462,CUST_2863,2025-10-04,MEDIUM,Billing Bug,13,Closed
TCK_900463,CUST_2867,2025-07-29,LOW,Feature Request,28,Closed
TCK_900464,CUST_2871,2025-12-02,MEDIUM,Feature Request,14,open
TCK_900465,CUST_2874,2025-09-26,CRITICAL,API Down,34,open
TCK_900466,CUST_2874,2025-02-26,CRITICAL,API Down,41,Closed
TCK_900467,CUST_2874,2025-10-19,MEDIUM,Billing Bug,30,open
TCK_900468,CUST_2876,2025-10-28,HIGH,Feature Request,55,open
TCK_900469,CUST_2876,2025-06-15,HIGH,Login Issue,28,resolved
TCK_900470,CUST_2876,2025-12-10,CRITICAL,Billing Bug,69,Closed
TCK_900471,CUST_2877,2025-11-30,LOW,API Down,44,Closed
TCK_900472,CUST_2883,2025-05-25,LOW,Billing Bug,5,open
TCK_900473,CUST_2885,2025-06-04,HIGH,Feature Request,65,Closed
TCK_900474,CUST_2889,2025-02-26,HIGH,Feature Request,53,open
TCK_900475,CUST_2889,2025-11-16,LOW,API Down,8,open
TCK_900476,CUST_2896,2025-10-27,LOW,Billing Bug,25,Closed
TCK_900477,CUST_2896,2025-11-14,MEDIUM,Login Issue,29,open
TCK_900478,CUST_2908,2025-07-23,MEDIUM,Billing Bug,13,open
TCK_900479,CUST_2908,2025-03-23,LOW,API Down,46,open
TCK_900480,CUST_2911,2025-05-01,HIGH,API Down,52,Closed
TCK_900481,CUST_2911,2025-03-16,MEDIUM,API Down,65,resolved
TCK_900482,CUST_2922,2025-05-20,MEDIUM,Billing Bug,23,resolved
TCK_900483,CUST_2924,2025-09-22,LOW,Feature Request,70,resolved
TCK_900484,CUST_2926,2025-05-25,MEDIUM,API Down,23,open
TCK_900485,CUST_2935,2025-11-12,HIGH,Billing Bug,39,Closed
TCK_900486,CUST_2935,2025-02-20,LOW,Login Issue,33,open
TCK_900487,CUST_2935,2025-09-24,MEDIUM,Login Issue,32,resolved
TCK_900488,CUST_2938,2025-02-24,CRITICAL,Billing Bug,24,resolved
TCK_900489,CUST_2938,2025-05-23,MEDIUM,API Down,1,resolved
TCK_900490,CUST_2942,2025-08-29,CRITICAL,API Down,51,resolved
TCK_900491,CUST_2942,2025-05-17,MEDIUM,Billing Bug,12,resolved
TCK_900492,CUST_2942,2025-03-02,LOW,Billing Bug,13,Closed
TCK_900493,CUST_2945,2025-07-22,MEDIUM,API Down,48,open
TCK_900494,CUST_2945,2025-09-08,CRITICAL,Feature Request,63,Closed
TCK_900495,CUST_2945,2025-09-05,LOW,API Down,31,Closed
TCK_900496,CUST_2950,2025-07-09,LOW,Login Issue,54,open
TCK_900497,CUST_2950,2025-07-17,LOW,API Down,18,Closed
TCK_900498,CUST_2958,2025-11-16,CRITICAL,Billing Bug,61,Closed
TCK_900499,CUST_2958,2025-11-17,CRITICAL,API Down,38,Closed
TCK_900500,CUST_2958,2025-09-11,CRITICAL,Feature Request,11,Closed
TCK_900501,CUST_2972,2025-10-30,LOW,API Down,46,Closed
TCK_900502,CUST_2972,2025-08-03,LOW,Login Issue,71,resolved
TCK_900503,CUST_2973,2025-04-23,CRITICAL,API Down,10,resolved
TCK_900504,CUST_2973,2025-05-03,HIGH,Billing Bug,23,Closed
TCK_900505,CUST_2975,2025-02-25,CRITICAL,Login Issue,22,Closed
TCK_900506,CUST_2975,2025-03-08,MEDIUM,Feature Request,57,Closed
TCK_900507,CUST_2978,2025-03-09,CRITICAL,Feature Request,70,Closed
TCK_900508,CUST_2978,2025-06-18,HIGH,API Down,7,open
TCK_900509,CUST_2978,2025-10-03,MEDIUM,API Down,63,Closed
TCK_900510,CUST_2985,2025-08-27,LOW,Feature Request,27,open
TCK_900511,CUST_2985,2025-06-25,HIGH,Login Issue,56,resolved
TCK_900512,CUST_2993,2025-09-23,CRITICAL,API Down,37,Closed
TCK_900513,CUST_2995,2025-12-14,LOW,Feature Request,46,Closed
TCK_900514,CUST_2996,2025-07-14,CRITICAL,Billing Bug,22,open
TCK_900515,CUST_2999,2025-02-07,LOW,API Down,6,resolved
TCK_900516,CUST_2999,2025-04-11,MEDIUM,API Down,24,Closed
TCK_900517,CUST_2999,2025-09-16,MEDIUM,Feature Request,12,resolved
TCK_900518,CUST_3003,2025-04-14,HIGH,Feature Request,53,Closed
TCK_900519,CUST_3006,2025-02-11,HIGH,Billing Bug,25,open
TCK_900520,CUST_3006,2025-09-08,MEDIUM,Login Issue,40,Closed
TCK_900521,CUST_3006,2025-10-08,LOW,Login Issue,26,resolved
TCK_900522,CUST_3007,2025-08-07,HIGH,Login Issue,2,open
TCK_900523,CUST_3007,2025-03-08,MEDIUM,Billing Bug,9,open
TCK_900524,CUST_3011,2025-07-03,HIGH,Login Issue,37,open
TCK_900525,CUST_3011,2025-03-18,LOW,Login Issue,39,open
TCK_900526,CUST_3011,2025-03-07,CRITICAL,Login Issue,8,open
TCK_900527,CUST_3012,2025-02-14,LOW,Login Issue,17,Closed
TCK_900528,CUST_3012,2025-09-12,CRITICAL,Feature Request,69,Closed
TCK_900529,CUST_3014,2025-02-20,LOW,Billing Bug,5,open
TCK_900530,CUST_3014,2025-08-09,HIGH,API Down,46,resolved
TCK_900531,CUST_3015,2025-08-28,MEDIUM,Feature Request,37,open
TCK_900532,CUST_3018,2025-09-27,HIGH,Login Issue,14,resolved
TCK_900533,CUST_3018,2025-09-29,MEDIUM,API Down,46,Closed
TCK_900534,CUST_3020,2025-06-10,HIGH,API Down,44,open
TCK_900535,CUST_3020,2025-02-25,LOW,API Down,46,Closed
TCK_900536,CUST_3020,2025-06-03,CRITICAL,Feature Request,64,resolved
TCK_900537,CUST_3023,2025-05-04,LOW,Login Issue,62,Closed
TCK_900538,CUST_3026,2025-06-24,LOW,Billing Bug,21,resolved
TCK_900539,CUST_3036,2025-02-20,MEDIUM,Billing Bug,38,Closed
TCK_900540,CUST_3036,2025-02-23,MEDIUM,Login Issue,58,resolved
TCK_900541,CUST_3036,2025-11-08,CRITICAL,Feature Request,47,open
TCK_900542,CUST_3037,2025-08-02,HIGH,API Down,24,Closed
TCK_900543,CUST_3037,2025-11-26,HIGH,Feature Request,37,Closed
TCK_900544,CUST_3037,2025-02-10,MEDIUM,API Down,23,Closed
TCK_900545,CUST_3039,2025-06-28,CRITICAL,Login Issue,43,Closed
TCK_900546,CUST_3042,2025-10-24,HIGH,API Down,32,open
TCK_900547,CUST_3042,2025-07-28,LOW,API Down,68,open
TCK_900548,CUST_3045,2025-10-18,HIGH,Feature Request,15,Closed
TCK_900549,CUST_3045,2025-06-06,MEDIUM,Feature Request,16,Closed
TCK_900550,CUST_3045,2025-09-02,HIGH,Feature Request,54,resolved
TCK_900551,CUST_3056,2025-03-05,LOW,Feature Request,48,resolved
TCK_900552,CUST_3056,2025-03-31,CRITICAL,Feature Request,42,open
TCK_900553,CUST_3057,2025-10-09,LOW,API Down,64,open
TCK_900554,CUST_3066,2025-11-02,LOW,API Down,34,Closed
TCK_900555,CUST_3066,2025-04-11,HIGH,API Down,6,Closed
TCK_900556,CUST_3069,2025-07-26,MEDIUM,Login Issue,24,Closed
TCK_900557,CUST_3069,2025-11-17,LOW,Login Issue,53,resolved
TCK_900558,CUST_3069,2025-10-16,LOW,Login Issue,10,open
TCK_900559,CUST_3070,2025-02-10,MEDIUM,Billing Bug,35,resolved
TCK_900560,CUST_3070,2025-04-25,LOW,Feature Request,60,Closed
TCK_900561,CUST_3071,2025-02-08,LOW,API Down,66,Closed
TCK_900562,CUST_3071,2025-03-14,LOW,API Down,39,open
TCK_900563,CUST_3071,2025-05-15,MEDIUM,API Down,26,resolved
TCK_900564,CUST_3074,2025-03-04,HIGH,API Down,24,open
TCK_900565,CUST_3074,2025-09-08,CRITICAL,API Down,1,Closed
TCK_900566,CUST_3074,2025-03-02,CRITICAL,Feature Request,70,resolved
TCK_900567,CUST_3077,2025-02-23,LOW,Billing Bug,55,open
TCK_900568,CUST_3077,2025-02-14,HIGH,API Down,7,Closed
TCK_900569,CUST_3077,2025-06-09,LOW,API Down,23,open
TCK_900570,CUST_3079,2025-09-28,CRITICAL,Login Issue,1,resolved
TCK_900571,CUST_3079,2025-03-26,LOW,Billing Bug,46,Closed
TCK_900572,CUST_3079,2025-10-20,CRITICAL,API Down,28,resolved
TCK_900573,CUST_3080,2025-07-05,CRITICAL,Billing Bug,23,Closed
TCK_900574,CUST_3080,2025-03-08,HIGH,API Down,50,Closed
TCK_900575,CUST_3082,2025-11-15,HIGH,Billing Bug,26,Closed
TCK_900576,CUST_3082,2025-06-16,LOW,Billing Bug,21,open
TCK_900577,CUST_3082,2025-03-08,CRITICAL,Billing Bug,18,open
TCK_900578,CUST_3084,2025-03-21,MEDIUM,Feature Request,22,resolved
TCK_900579,CUST_3088,2025-02-20,HIGH,API Down,45,open
TCK_900580,CUST_3088,2025-03-16,MEDIUM,API Down,8,Closed
TCK_900581,CUST_3088,2025-08-11,LOW,Billing Bug,25,open
TCK_900582,CUST_3091,2025-06-30,MEDIUM,Login Issue,21,resolved
TCK_900583,CUST_3092,2025-06-18,HIGH,API Down,54,open
TCK_900584,CUST_3092,2025-08-25,CRITICAL,API Down,51,open
TCK_900585,CUST_3092,2025-04-04,MEDIUM,Feature Request,16,Closed
TCK_900586,CUST_3093,2025-11-11,CRITICAL,Billing Bug,19,open
TCK_900587,CUST_3093,2025-02-16,MEDIUM,Login Issue,48,resolved
TCK_900588,CUST_3101,2025-08-04,HIGH,Billing Bug,1,Closed
TCK_900589,CUST_3101,2025-05-28,CRITICAL,Feature Request,52,resolved
TCK_900590,CUST_3105,2025-09-16,MEDIUM,API Down,26,Closed
TCK_900591,CUST_3105,2025-07-03,CRITICAL,Feature Request,72,open
TCK_900592,CUST_3107,2025-04-05,LOW,Feature Request,27,Closed
TCK_900593,CUST_3107,2025-03-08,HIGH,Login Issue,20,open
TCK_900594,CUST_3107,2025-04-27,HIGH,Billing Bug,21,Closed
TCK_900595,CUST_3108,2025-02-06,MEDIUM,Login Issue,8,Closed
TCK_900596,CUST_3108,2025-07-23,LOW,Login Issue,72,open
TCK_900597,CUST_3108,2025-11-23,HIGH,Login Issue,57,open
TCK_900598,CUST_3110,2025-12-16,CRITICAL,Billing Bug,56,open
TCK_900599,CUST_3110,2025-02-24,CRITICAL,API Down,43,resolved
TCK_900600,CUST_3120,2025-08-17,HIGH,API Down,38,Closed
TCK_900601,CUST_3120,2025-02-03,LOW,API Down,17,open
TCK_900602,CUST_3120,2025-06-03,MEDIUM,API Down,15,resolved
TCK_900603,CUST_3132,2025-07-02,HIGH,API Down,70,Closed
TCK_900604,CUST_3135,2025-02-28,MEDIUM,Billing Bug,69,open
TCK_900605,CUST_3135,2025-02-25,HIGH,API Down,66,open
TCK_900606,CUST_3142,2025-07-17,CRITICAL,Feature Request,17,resolved
TCK_900607,CUST_3142,2025-10-26,MEDIUM,Billing Bug,44,resolved
TCK_900608,CUST_3143,2025-07-22,HIGH,Login Issue,40,Closed
TCK_900609,CUST_3143,2025-05-17,HIGH,API Down,43,open
TCK_900610,CUST_3148,2025-12-03,LOW,Feature Request,7,open
TCK_900611,CUST_3149,2025-02-08,LOW,Feature Request,20,open
TCK_900612,CUST_3149,2025-09-24,LOW,Feature Request,50,Closed
TCK_900613,CUST_3163,2025-05-06,HIGH,API Down,40,Closed
TCK_900614,CUST_3163,2025-12-16,CRITICAL,Billing Bug,58,resolved
TCK_900615,CUST_3163,2025-09-17,CRITICAL,Feature Request,39,Closed
TCK_900616,CUST_3170,2025-12-05,CRITICAL,Feature Request,70,open
TCK_900617,CUST_3170,2025-03-01,HIGH,Feature Request,20,Closed
TCK_900618,CUST_3170,2025-08-29,HIGH,Billing Bug,51,open
TCK_900619,CUST_3172,2025-04-29,LOW,Login Issue,36,Closed
TCK_900620,CUST_3172,2025-07-16,CRITICAL,API Down,5,resolved
TCK_900621,CUST_3172,2025-09-15,MEDIUM,API Down,26,resolved
TCK_900622,CUST_3176,2025-07-15,MEDIUM,Feature Request,12,Closed
TCK_900623,CUST_3176,2025-04-17,MEDIUM,API Down,24,resolved
TCK_900624,CUST_3176,2025-07-30,HIGH,Feature Request,71,Closed
TCK_900625,CUST_3178,2025-08-16,LOW,Login Issue,46,open
TCK_900626,CUST_3178,2025-02-04,LOW,Login Issue,34,resolved
TCK_900627,CUST_3178,2025-11-30,MEDIUM,Billing Bug,16,Closed
TCK_900628,CUST_3180,2025-02-15,MEDIUM,Billing Bug,5,open
TCK_900629,CUST_3180,2025-10-10,CRITICAL,Login Issue,30,Closed
TCK_900630,CUST_3180,2025-02-16,CRITICAL,Login Issue,57,resolved
TCK_900631,CUST_3186,2025-04-03,HIGH,Login Issue,65,open
TCK_900632,CUST_3186,2025-05-22,CRITICAL,API Down,30,resolved
TCK_900633,CUST_3187,2025-10-27,LOW,Feature Request,27,resolved
TCK_900634,CUST_3187,2025-06-26,MEDIUM,API Down,71,open
TCK_900635,CUST_3187,2025-10-31,HIGH,Billing Bug,71,Closed
TCK_900636,CUST_3188,2025-07-07,CRITICAL,Feature Request,67,resolved
TCK_900637,CUST_3188,2025-05-09,CRITICAL,Login Issue,35,open
TCK_900638,CUST_3188,2025-04-26,HIGH,API Down,61,Closed
TCK_900639,CUST_3196,2025-10-17,MEDIUM,Login Issue,5,Closed
TCK_900640,CUST_3196,2025-05-26,LOW,Feature Request,14,resolved
TCK_900641,CUST_3196,2025-04-28,CRITICAL,API Down,37,resolved
TCK_900642,CUST_3204,2025-05-28,LOW,Feature Request,40,resolved
TCK_900643,CUST_3204,2025-11-28,CRITICAL,Billing Bug,21,resolved
TCK_900644,CUST_3204,2025-04-11,HIGH,Login Issue,62,Closed
TCK_900645,CUST_3205,2025-03-27,CRITICAL,API Down,32,open
TCK_900646,CUST_3212,2025-07-05,CRITICAL,Feature Request,35,resolved
TCK_900647,CUST_3212,2025-06-23,MEDIUM,API Down,15,resolved
TCK_900648,CUST_3212,2025-05-31,MEDIUM,Billing Bug,55,open
TCK_900649,CUST_3217,2025-02-11,HIGH,Billing Bug,30,Closed
TCK_900650,CUST_3219,2025-06-07,HIGH,Feature Request,8,Closed
TCK_900651,CUST_3219,2025-03-11,HIGH,Login Issue,10,open
TCK_900652,CUST_3219,2025-09-08,MEDIUM,Billing Bug,54,Closed
TCK_900653,CUST_3225,2025-11-05,CRITICAL,Billing Bug,18,open
TCK_900654,CUST_3229,2025-09-18,HIGH,Billing Bug,23,open
TCK_900655,CUST_3244,2025-07-14,MEDIUM,Login Issue,48,open
TCK_900656,CUST_3244,2025-02-19,MEDIUM,API Down,21,Closed
TCK_900657,CUST_3244,2025-08-26,CRITICAL,Billing Bug,71,open
TCK_900658,CUST_3245,2025-07-06,MEDIUM,Login Issue,64,resolved
TCK_900659,CUST_3245,2025-03-22,HIGH,API Down,33,open
TCK_900660,CUST_3247,2025-08-24,LOW,Login Issue,24,resolved
TCK_900661,CUST_3249,2025-10-13,HIGH,API Down,20,resolved
TCK_900662,CUST_3249,2025-09-30,MEDIUM,Feature Request,58,Closed
TCK_900663,CUST_3252,2025-09-02,LOW,API Down,30,Closed
TCK_900664,CUST_3253,2025-03-27,CRITICAL,Billing Bug,14,resolved
TCK_900665,CUST_3255,2025-09-21,CRITICAL,Feature Request,6,open
TCK_900666,CUST_3255,2025-09-01,MEDIUM,API Down,15,open
TCK_900667,CUST_3255,2025-10-04,MEDIUM,Feature Request,36,Closed
TCK_900668,CUST_3257,2025-04-09,LOW,API Down,23,open
TCK_900669,CUST_3257,2025-05-27,HIGH,Billing Bug,45,Closed
TCK_900670,CUST_3259,2025-10-22,CRITICAL,Billing Bug,17,Closed
TCK_900671,CUST_3259,2025-05-18,CRITICAL,Feature Request,59,Closed
TCK_900672,CUST_3260,2025-08-20,LOW,Billing Bug,12,Closed
TCK_900673,CUST_3260,2025-08-13,LOW,Login Issue,15,open
TCK_900674,CUST_3260,2025-11-27,LOW,API Down,47,Closed
TCK_900675,CUST_3261,2025-08-26,LOW,Feature Request,3,Closed
TCK_900676,CUST_3261,2025-06-30,CRITICAL,Billing Bug,61,resolved
TCK_900677,CUST_3261,2025-04-15,CRITICAL,API Down,29,resolved
TCK_900678,CUST_3262,2025-06-23,MEDIUM,Billing Bug,8,open
TCK_900679,CUST_3262,2025-03-08,MEDIUM,Login Issue,45,resolved
TCK_900680,CUST_3270,2025-03-01,LOW,Login Issue,4,Closed
TCK_900681,CUST_3270,2025-09-22,LOW,Billing Bug,38,Closed
TCK_900682,CUST_3270,2025-09-12,LOW,API Down,62,open
TCK_900683,CUST_3275,2025-10-18,LOW,Billing Bug,33,open
TCK_900684,CUST_3275,2025-05-07,LOW,Billing Bug,31,open
TCK_900685,CUST_3276,2025-02-09,CRITICAL,Feature Request,7,open
TCK_900686,CUST_3278,2025-10-29,HIGH,Login Issue,52,resolved
TCK_900687,CUST_3278,2025-10-30,CRITICAL,Billing Bug,18,resolved
TCK_900688,CUST_3278,2025-10-07,MEDIUM,Login Issue,50,resolved
TCK_900689,CUST_3279,2025-10-19,CRITICAL,Login Issue,19,resolved
TCK_900690,CUST_3280,2025-05-25,LOW,API Down,19,resolved
TCK_900691,CUST_3280,2025-01-31,HIGH,Login Issue,42,Closed
TCK_900692,CUST_3280,2025-09-20,HIGH,Billing Bug,56,open
TCK_900693,CUST_3283,2025-02-07,LOW,API Down,5,resolved
TCK_900694,CUST_3283,2025-09-07,CRITICAL,API Down,63,Closed
TCK_900695,CUST_3287,2025-11-03,HIGH,Feature Request,26,open
TCK_900696,CUST_3289,2025-08-15,HIGH,Login Issue,49,open
TCK_900697,CUST_3289,2025-06-18,CRITICAL,Feature Request,32,Closed
TCK_900698,CUST_3293,2025-10-01,CRITICAL,Billing Bug,46,Closed
TCK_900699,CUST_3293,2025-07-25,HIGH,Login Issue,43,Closed
TCK_900700,CUST_3293,2025-06-07,MEDIUM,Billing Bug,9,Closed
TCK_900701,CUST_3297,2025-04-01,LOW,API Down,60,Closed
TCK_900702,CUST_3306,2025-06-12,CRITICAL,Billing Bug,66,resolved
TCK_900703,CUST_3312,2025-10-27,CRITICAL,API Down,25,resolved
TCK_900704,CUST_3312,2025-10-23,CRITICAL,Login Issue,61,resolved
TCK_900705,CUST_3317,2025-12-02,LOW,Login Issue,33,open
TCK_900706,CUST_3320,2025-05-08,CRITICAL,Billing Bug,23,open
TCK_900707,CUST_3320,2025-10-02,MEDIUM,API Down,58,Closed
TCK_900708,CUST_3320,2025-04-17,MEDIUM,Feature Request,58,open
TCK_900709,CUST_3325,2025-09-24,MEDIUM,Feature Request,4,open
TCK_900710,CUST_3325,2025-05-21,HIGH,API Down,44,resolved
TCK_900711,CUST_3331,2025-05-10,HIGH,Feature Request,21,open
TCK_900712,CUST_3332,2025-05-25,MEDIUM,Login Issue,44,open
TCK_900713,CUST_3332,2025-06-17,MEDIUM,Billing Bug,26,resolved
TCK_900714,CUST_3336,2025-10-30,HIGH,Billing Bug,20,open
TCK_900715,CUST_3336,2025-07-06,HIGH,Billing Bug,59,resolved
TCK_900716,CUST_3342,2025-11-08,LOW,Billing Bug,24,open
TCK_900717,CUST_3342,2025-12-14,LOW,Billing Bug,36,resolved
TCK_900718,CUST_3343,2025-03-09,MEDIUM,Feature Request,53,resolved
TCK_900719,CUST_3343,2025-12-07,HIGH,API Down,27,Closed
TCK_900720,CUST_3343,2025-09-20,HIGH,Feature Request,68,Closed
TCK_900721,CUST_3348,2025-05-27,HIGH,Feature Request,18,Closed
TCK_900722,CUST_3348,2025-05-31,MEDIUM,Login Issue,65,Closed
TCK_900723,CUST_3348,2025-11-22,CRITICAL,API Down,10,resolved
TCK_900724,CUST_3352,2025-07-22,CRITICAL,Login Issue,26,resolved
TCK_900725,CUST_3353,2025-08-11,HIGH,API Down,60,resolved
TCK_900726,CUST_3353,2025-07-24,CRITICAL,Login Issue,51,Closed
TCK_900727,CUST_3353,2025-08-31,HIGH,Feature Request,60,resolved
TCK_900728,CUST_3357,2025-09-01,CRITICAL,Feature Request,38,resolved
TCK_900729,CUST_3357,2025-10-31,HIGH,Feature Request,47,open
TCK_900730,CUST_3357,2025-04-04,LOW,Login Issue,27,Closed
TCK_900731,CUST_3360,2025-02-08,CRITICAL,Billing Bug,29,Closed
TCK_900732,CUST_3362,2025-11-19,MEDIUM,Login Issue,41,Closed
TCK_900733,CUST_3362,2025-08-24,HIGH,Feature Request,12,Closed
TCK_900734,CUST_3362,2025-03-09,CRITICAL,Billing Bug,72,resolved
TCK_900735,CUST_3372,2025-06-14,CRITICAL,API Down,72,Closed
TCK_900736,CUST_3372,2025-04-17,LOW,Feature Request,16,open
TCK_900737,CUST_3372,2025-04-02,MEDIUM,Feature Request,54,open
TCK_900738,CUST_3373,2025-07-12,CRITICAL,Feature Request,70,open
TCK_900739,CUST_3373,2025-07-05,MEDIUM,Billing Bug,2,resolved
TCK_900740,CUST_3391,2025-02-10,LOW,API Down,21,resolved
TCK_900741,CUST_3391,2025-08-07,CRITICAL,Feature Request,64,Closed
TCK_900742,CUST_3392,2025-09-12,HIGH,Login Issue,3,resolved
TCK_900743,CUST_3392,2025-07-23,HIGH,Billing Bug,52,Closed
TCK_900744,CUST_3394,2025-11-29,MEDIUM,Login Issue,25,Closed
TCK_900745,CUST_3394,2025-10-27,CRITICAL,Billing Bug,67,resolved
TCK_900746,CUST_3395,2025-06-24,HIGH,Login Issue,58,resolved
TCK_900747,CUST_3395,2025-02-18,MEDIUM,Feature Request,35,resolved
TCK_900748,CUST_3406,2025-07-16,HIGH,API Down,51,open
TCK_900749,CUST_3409,2025-02-15,MEDIUM,Login Issue,29,resolved
TCK_900750,CUST_3409,2025-02-23,HIGH,Login Issue,5,open
TCK_900751,CUST_3409,2025-08-08,CRITICAL,API Down,52,resolved
TCK_900752,CUST_3413,2025-06-06,HIGH,Feature Request,47,open
TCK_900753,CUST_3414,2025-10-14,HIGH,API Down,44,resolved
TCK_900754,CUST_3414,2025-04-02,CRITICAL,Billing Bug,1,resolved
TCK_900755,CUST_3425,2025-04-05,HIGH,API Down,66,Closed
TCK_900756,CUST_3425,2025-07-04,HIGH,Login Issue,72,Closed
TCK_900757,CUST_3425,2025-06-29,HIGH,API Down,64,Closed
TCK_900758,CUST_3428,2025-04-09,MEDIUM,Billing Bug,65,Closed
TCK_900759,CUST_3428,2025-09-30,LOW,Billing Bug,27,resolved
TCK_900760,CUST_3428,2025-04-26,CRITICAL,Billing Bug,15,resolved
TCK_900761,CUST_3429,2025-03-31,HIGH,API Down,49,open
TCK_900762,CUST_3429,2025-06-27,HIGH,API Down,50,Closed
TCK_900763,CUST_3429,2025-03-14,LOW,API Down,55,resolved
TCK_900764,CUST_3434,2025-03-31,HIGH,Feature Request,65,resolved
TCK_900765,CUST_3434,2025-05-16,CRITICAL,Billing Bug,15,resolved
TCK_900766,CUST_3434,2025-03-28,LOW,Login Issue,20,resolved
TCK_900767,CUST_3449,2025-04-13,HIGH,API Down,48,resolved
TCK_900768,CUST_3449,2025-03-31,MEDIUM,Billing Bug,64,open
TCK_900769,CUST_3449,2025-10-05,CRITICAL,Feature Request,33,Closed
TCK_900770,CUST_3451,2025-03-19,HIGH,Billing Bug,23,Closed
TCK_900771,CUST_3468,2025-04-30,HIGH,Login Issue,30,resolved
TCK_900772,CUST_3468,2025-06-15,MEDIUM,Billing Bug,43,resolved
TCK_900773,CUST_3474,2025-05-26,CRITICAL,Feature Request,18,Closed
TCK_900774,CUST_3480,2025-12-15,HIGH,Login Issue,40,Closed
TCK_900775,CUST_3480,2025-03-03,CRITICAL,Billing Bug,48,Closed
TCK_900776,CUST_3481,2025-05-02,LOW,Billing Bug,36,Closed
TCK_900777,CUST_3484,2025-07-17,MEDIUM,Billing Bug,1,resolved
TCK_900778,CUST_3484,2025-05-22,HIGH,API Down,47,open
TCK_900779,CUST_3491,2025-02-10,CRITICAL,Billing Bug,1,open
TCK_900780,CUST_3491,2025-07-02,MEDIUM,Feature Request,8,resolved
TCK_900781,CUST_3491,2025-03-02,HIGH,API Down,19,open
TCK_900782,CUST_3496,2025-04-09,MEDIUM,Feature Request,64,resolved
TCK_900783,CUST_3496,2025-08-07,LOW,Login Issue,60,Closed
TCK_900784,CUST_3496,2025-07-08,CRITICAL,API Down,65,resolved
